"id","purch"
5696479,"10.99EUR"
6682624,"2.29EUR"
1698475,"2.29EUR"
4520146,"10.99EUR"
5081239,"2.29EUR"
1177780,"2.29EUR"
4334785,"2.29EUR"
331668,"10.99EUR"
45698,"10.99EUR"
6170568,"2.29EUR"
6534794,"10.99EUR"
6570905,"54.99EUR"
7427454,"10.99EUR"
1573361,"10.99EUR"
1250389,"2.29EUR"
8879130,"10.99EUR"
3185587,"54.99EUR"
3342019,"10.99EUR"
4869565,"10.99EUR"
9690596,NA
7740125,"10.99EUR"
2153506,"2.29EUR"
2749949,"2.29EUR"
401693,"2.29EUR"
4089079,"2.29EUR"
711350,"2.29EUR"
2057414,"21.99EUR"
6066273,"2.29EUR"
8555727,"10.99EUR"
679368,"10.99EUR"
231622,"10.99EUR"
9534732,"2.29EUR"
829861,"10.99EUR"
5289541,"2.29EUR"
9491204,"2.29EUR"
8528948,"10.99EUR"
7473331,"10.99EUR"
5367116,"21.99EUR"
6117101,NA
9900264,"10.99EUR"
3559799,"10.99EUR"
1141788,"10.99EUR"
4691712,"2.29EUR"
2123028,"2.29EUR"
7427454,"54.99EUR"
8502069,"2.29EUR"
8524603,"10.99EUR"
4993000,"21.99EUR"
9793515,"10.99EUR"
5583035,"54.99EUR"
1056410,"10.99EUR"
9784981,"2.29EUR"
7341723,"2.29EUR"
5611185,"21.99EUR"
3080597,"2.29EUR"
9816646,"2.29EUR"
6526449,"21.99EUR"
2817782,"21.99EUR"
864953,"2.29EUR"
1844827,"2.29EUR"
5316594,"10.99EUR"
8448045,"2.29EUR"
4914259,"21.99EUR"
45698,"2.29EUR"
3657460,"10.99EUR"
3239701,"2.29EUR"
6230120,"54.99EUR"
52100,"2.29EUR"
2315481,"2.29EUR"
563157,"2.29EUR"
3891333,"21.99EUR"
5316594,"2.29EUR"
1519717,"21.99EUR"
7430333,"2.29EUR"
9383956,"21.99EUR"
5962930,"2.29EUR"
550581,"2.29EUR"
4390164,"21.99EUR"
2749949,"2.29EUR"
495051,"2.29EUR"
6393484,"2.29EUR"
9272438,"10.99EUR"
5687635,"2.29EUR"
8686506,"2.29EUR"
722652,"2.29EUR"
5393303,"2.29EUR"
26083,"10.99EUR"
9981465,"21.99EUR"
864953,"10.99EUR"
7390906,"21.99EUR"
8288691,"2.29EUR"
4625054,"10.99EUR"
3837980,"2.29EUR"
4251670,"10.99EUR"
7810642,"21.99EUR"
3185587,"2.29EUR"
1644294,"10.99EUR"
2911012,"2.29EUR"
1587019,"2.29EUR"
2098970,"2.29EUR"
6438242,"2.29EUR"
4368721,"2.29EUR"
4200856,"10.99EUR"
6773715,"109.99EUR"
3235704,"2.29EUR"
7699053,"10.99EUR"
9418344,"2.29EUR"
331668,"2.29EUR"
2577655,"10.99EUR"
2778534,"2.29EUR"
1744280,"2.29EUR"
1381459,"21.99EUR"
2749949,"2.29EUR"
45698,"2.29EUR"
45698,"2.29EUR"
3593062,"2.29EUR"
8007106,"-2.29EUR"
4927174,"2.29EUR"
6230120,"21.99EUR"
1363026,"2.29EUR"
4124082,"10.99EUR"
7663436,"2.29EUR"
4561130,"2.29EUR"
6667511,"10.99EUR"
6534794,"2.29EUR"
9999710,"2.29EUR"
6082972,"10.99EUR"
2563451,"21.99EUR"
8429621,"2.29EUR"
1763807,"10.99EUR"
8524603,"2.29EUR"
8198556,"2.29EUR"
9979214,"10.99EUR"
1904622,"2.29EUR"
2098970,"2.29EUR"
3536465,"2.29EUR"
5430868,"2.29EUR"
2752038,"21.99EUR"
4639409,"2.29EUR"
9577522,"2.29EUR"
1045169,"21.99EUR"
1139929,"2.29EUR"
7069181,"2.29EUR"
8804668,"21.99EUR"
6667511,"21.99EUR"
7397157,"2.29EUR"
1381459,"2.29EUR"
3237174,"10.99EUR"
6773715,"2.29EUR"
5226626,"10.99EUR"
4643567,"109.99EUR"
7427454,"2.29EUR"
4561130,"-54.99EUR"
104999,"2.29EUR"
3593062,"10.99EUR"
1433068,"2.29EUR"
6313965,"10.99EUR"
9986314,"10.99EUR"
9057444,"2.29EUR"
6914030,"21.99EUR"
3239701,"10.99EUR"
5488324,"2.29EUR"
1190720,NA
3459407,"10.99EUR"
3536465,"10.99EUR"
45698,"10.99EUR"
9234713,"10.99EUR"
268946,"2.29EUR"
7810642,"2.29EUR"
7788255,"2.29EUR"
7476311,"10.99EUR"
5479746,"21.99EUR"
5956873,"54.99EUR"
2526170,"10.99EUR"
8305517,"10.99EUR"
7387262,"10.99EUR"
9342670,"2.29EUR"
4340288,"21.99EUR"
1381459,"2.29EUR"
2315481,"2.29EUR"
9690596,"10.99EUR"
45698,"2.29EUR"
269182,"2.29EUR"
306691,"2.29EUR"
2824911,"2.29EUR"
6003376,"10.99EUR"
680376,"2.29EUR"
550581,"10.99EUR"
6653663,"21.99EUR"
9038656,"21.99EUR"
6513886,"2.29EUR"
2315481,"2.29EUR"
6538406,"10.99EUR"
3456875,"2.29EUR"
9568606,"10.99EUR"
7489164,"2.29EUR"
5956873,"10.99EUR"
563157,"2.29EUR"
7204951,"10.99EUR"
3023236,"10.99EUR"
1381459,"2.29EUR"
9790706,"21.99EUR"
9843026,"2.29EUR"
185368,"10.99EUR"
1844827,"2.29EUR"
2577252,"10.99EUR"
6538406,"2.29EUR"
7749011,"2.29EUR"
3613577,"2.29EUR"
7427454,"2.29EUR"
8305517,"2.29EUR"
9364881,"2.29EUR"
1461749,"10.99EUR"
7775672,"10.99EUR"
5732723,"2.29EUR"
6813266,"10.99EUR"
4430457,"10.99EUR"
5493635,"109.99EUR"
1559632,"21.99EUR"
8038667,"109.99EUR"
8528948,"10.99EUR"
5788477,"21.99EUR"
9900264,"10.99EUR"
4559854,"21.99EUR"
5547744,"10.99EUR"
4170634,"2.29EUR"
2333523,"21.99EUR"
9483659,"2.29EUR"
4993000,"21.99EUR"
8686506,"2.29EUR"
6454347,"2.29EUR"
8045884,"21.99EUR"
1141788,"10.99EUR"
4436950,"21.99EUR"
7489164,"10.99EUR"
6349525,"2.29EUR"
8241906,"10.99EUR"
1763807,"2.29EUR"
1625192,"-2.29EUR"
228723,"10.99EUR"
1190720,"2.29EUR"
8348013,"10.99EUR"
2976635,"2.29EUR"
7230585,"2.29EUR"
1038931,"2.29EUR"
4806511,"21.99EUR"
633072,"10.99EUR"
154381,"2.29EUR"
2749949,"2.29EUR"
3023236,"10.99EUR"
968420,"109.99EUR"
8790100,"2.29EUR"
6174028,"10.99EUR"
856690,"21.99EUR"
8288691,"21.99EUR"
9865563,"2.29EUR"
6115626,"10.99EUR"
2239977,"21.99EUR"
6443731,"10.99EUR"
69392,"2.29EUR"
8641084,"109.99EUR"
2579169,"10.99EUR"
8528948,"10.99EUR"
369076,"21.99EUR"
5100944,"21.99EUR"
1363026,"10.99EUR"
45698,"2.29EUR"
9173755,"2.29EUR"
4064925,"2.29EUR"
5611185,"2.29EUR"
7750446,"2.29EUR"
1698475,"54.99EUR"
691288,"21.99EUR"
9875088,"2.29EUR"
8429621,"21.99EUR"
9900264,"2.29EUR"
1203613,"2.29EUR"
6135680,"2.29EUR"
9789902,"21.99EUR"
1086634,"10.99EUR"
3781391,"2.29EUR"
4883081,"2.29EUR"
443985,"10.99EUR"
69392,"2.29EUR"
4650030,"2.29EUR"
4568083,"10.99EUR"
8429621,"21.99EUR"
1425691,"2.29EUR"
9507026,"10.99EUR"
4474571,"21.99EUR"
6330134,"2.29EUR"
3629349,"10.99EUR"
3080597,"10.99EUR"
3956556,"21.99EUR"
1045169,"21.99EUR"
9272438,"21.99EUR"
1625192,"2.29EUR"
9201521,"2.29EUR"
1117143,"2.29EUR"
4368721,"10.99EUR"
3082623,"2.29EUR"
1011310,"10.99EUR"
3239701,"2.29EUR"
6653663,"2.29EUR"
9690596,"2.29EUR"
2801559,"2.29EUR"
7699053,"109.99EUR"
6773715,"54.99EUR"
8002099,"2.29EUR"
NA,"21.99EUR"
643015,"2.29EUR"
3239701,"10.99EUR"
3225609,"2.29EUR"
2218497,"21.99EUR"
1234582,"54.99EUR"
317884,"10.99EUR"
5341287,"54.99EUR"
5583035,"10.99EUR"
4495065,"2.29EUR"
7509269,"21.99EUR"
8288691,"54.99EUR"
1221727,"21.99EUR"
895411,"2.29EUR"
7806038,"54.99EUR"
3239701,"109.99EUR"
759915,"54.99EUR"
6667511,"2.29EUR"
8440483,"2.29EUR"
104999,"109.99EUR"
2356078,"2.29EUR"
7584341,"10.99EUR"
27849,"109.99EUR"
9488574,"2.29EUR"
5160426,"2.29EUR"
4598972,"10.99EUR"
8941554,"2.29EUR"
9057444,"10.99EUR"
3530801,"2.29EUR"
8305517,"10.99EUR"
6623944,"2.29EUR"
7662273,"2.29EUR"
6712840,"2.29EUR"
3082623,"21.99EUR"
5957287,"10.99EUR"
5910376,"2.29EUR"
6667511,"109.99EUR"
3325029,"21.99EUR"
9491585,"10.99EUR"
7799947,"21.99EUR"
1050309,"2.29EUR"
5286275,"21.99EUR"
7286532,"2.29EUR"
6991515,"2.29EUR"
4561130,"2.29EUR"
864953,"21.99EUR"
1384736,"10.99EUR"
4344924,"10.99EUR"
2746054,"10.99EUR"
984436,"2.29EUR"
5168591,"2.29EUR"
4520146,"10.99EUR"
7597410,"2.29EUR"
3237174,"2.29EUR"
8348013,"2.29EUR"
9981465,"21.99EUR"
2592309,"21.99EUR"
1363026,"2.29EUR"
1381459,"2.29EUR"
7489164,"2.29EUR"
8932213,"10.99EUR"
4897111,"109.99EUR"
4993000,"2.29EUR"
2288156,"2.29EUR"
8292894,"2.29EUR"
8109427,"2.29EUR"
7892216,"21.99EUR"
7510691,"21.99EUR"
6443731,"21.99EUR"
9986314,"10.99EUR"
3613577,"10.99EUR"
6258571,"10.99EUR"
1557018,"2.29EUR"
268946,"10.99EUR"
8304977,"2.29EUR"
6773715,"10.99EUR"
2445621,"10.99EUR"
369076,"10.99EUR"
474240,"10.99EUR"
1781985,"21.99EUR"
222583,"21.99EUR"
8879130,"10.99EUR"
6667511,"2.29EUR"
3997030,"2.29EUR"
5821621,"21.99EUR"
3536465,"21.99EUR"
8375877,"2.29EUR"
3507782,"2.29EUR"
3837980,"2.29EUR"
9888855,"10.99EUR"
3879648,"2.29EUR"
7806038,"10.99EUR"
1117143,"2.29EUR"
7473331,"2.29EUR"
7788255,"2.29EUR"
8555727,"10.99EUR"
7430333,"2.29EUR"
3837980,"21.99EUR"
104999,"21.99EUR"
829861,"2.29EUR"
1495670,"10.99EUR"
124379,"10.99EUR"
4614466,"21.99EUR"
9793515,"10.99EUR"
4557454,"21.99EUR"
2817782,"10.99EUR"
7740125,"10.99EUR"
8109427,"2.29EUR"
7740125,"2.29EUR"
5012700,"2.29EUR"
7810642,"21.99EUR"
2749949,"10.99EUR"
7204951,NA
8276338,"2.29EUR"
6667511,"2.29EUR"
3607444,"2.29EUR"
3516339,"10.99EUR"
6784796,"21.99EUR"
7204951,"10.99EUR"
3237174,"10.99EUR"
8543125,"54.99EUR"
9255701,"10.99EUR"
8429621,"2.29EUR"
7877722,"54.99EUR"
1559632,"2.29EUR"
2592309,"10.99EUR"
2750174,"2.29EUR"
2735507,"21.99EUR"
9037628,"21.99EUR"
2105277,"10.99EUR"
3872329,"2.29EUR"
2279849,"10.99EUR"
3997030,"2.29EUR"
1397658,"10.99EUR"
3275319,"21.99EUR"
3023236,"21.99EUR"
3082623,"10.99EUR"
7263560,"2.29EUR"
7740125,"21.99EUR"
2315481,"2.29EUR"
3235704,"10.99EUR"
4163181,"21.99EUR"
26083,"2.29EUR"
1381459,"10.99EUR"
867686,"2.29EUR"
6071846,"54.99EUR"
6258571,"2.29EUR"
6866511,"10.99EUR"
7282215,"2.29EUR"
7473331,"10.99EUR"
9816646,"2.29EUR"
3982321,NA
1495670,"2.29EUR"
5100944,"10.99EUR"
2196413,"2.29EUR"
9435768,"10.99EUR"
269182,"2.29EUR"
9655131,"2.29EUR"
2050235,"2.29EUR"
1086634,"2.29EUR"
7672204,"-2.29EUR"
2526170,"54.99EUR"
8007106,"21.99EUR"
6667511,"10.99EUR"
8429621,"21.99EUR"
6313965,"10.99EUR"
6365046,"21.99EUR"
401693,"2.29EUR"
7099407,"2.29EUR"
8328407,"10.99EUR"
386608,"2.29EUR"
2496368,"10.99EUR"
2196413,"2.29EUR"
6605253,"2.29EUR"
9255701,"10.99EUR"
4344924,"2.29EUR"
707895,"2.29EUR"
7593093,"10.99EUR"
4561130,"21.99EUR"
3997030,"21.99EUR"
1071128,"10.99EUR"
6230120,"10.99EUR"
3325029,"2.29EUR"
3711697,"2.29EUR"
8502069,"2.29EUR"
3162635,"2.29EUR"
1127729,"2.29EUR"
832227,"10.99EUR"
5692150,"2.29EUR"
1781985,"2.29EUR"
26083,"10.99EUR"
1363026,"2.29EUR"
7810642,"2.29EUR"
9816646,"2.29EUR"
315950,"10.99EUR"
2364021,"2.29EUR"
7215259,"2.29EUR"
6991515,"21.99EUR"
99912,"2.29EUR"
1559632,"10.99EUR"
1698475,"2.29EUR"
1557018,"2.29EUR"
8020209,"21.99EUR"
1381459,"21.99EUR"
3456367,"54.99EUR"
6975227,"2.29EUR"
6127600,"10.99EUR"
7387262,"54.99EUR"
7806038,"2.29EUR"
8292894,"21.99EUR"
8397159,"21.99EUR"
9219822,"2.29EUR"
8706555,"2.29EUR"
9682396,"2.29EUR"
3646010,"2.29EUR"
6108729,"109.99EUR"
1141788,"21.99EUR"
3919377,"21.99EUR"
3559799,"2.29EUR"
1363026,"2.29EUR"
4883081,"10.99EUR"
1086634,"2.29EUR"
8481731,"10.99EUR"
7965814,"10.99EUR"
104999,"2.29EUR"
984436,"2.29EUR"
1203613,"21.99EUR"
5226626,"10.99EUR"
4525505,"10.99EUR"
4124082,"21.99EUR"
2734372,"2.29EUR"
9801766,"2.29EUR"
1259932,"10.99EUR"
124379,"2.29EUR"
1381459,"10.99EUR"
6623944,"2.29EUR"
6538406,"2.29EUR"
6454347,"10.99EUR"
8241906,"10.99EUR"
2600726,"2.29EUR"
6813266,"10.99EUR"
9888855,"2.29EUR"
6991515,"2.29EUR"
3023236,"2.29EUR"
4897111,"21.99EUR"
6230120,"2.29EUR"
1397658,"2.29EUR"
7213430,"21.99EUR"
9709680,"10.99EUR"
1190720,"10.99EUR"
351583,"2.29EUR"
4170634,"21.99EUR"
6393484,"109.99EUR"
8091516,"10.99EUR"
5300780,"2.29EUR"
8270888,"2.29EUR"
1127729,"10.99EUR"
69050,"2.29EUR"
1259932,"2.29EUR"
6795241,"109.99EUR"
8305517,"2.29EUR"
9900264,"21.99EUR"
2315481,"21.99EUR"
45698,"2.29EUR"
1932422,"10.99EUR"
3613577,"2.29EUR"
6667511,"2.29EUR"
9853197,"54.99EUR"
3700539,"21.99EUR"
2105277,"21.99EUR"
8443208,"2.29EUR"
7430333,"21.99EUR"
5864282,"10.99EUR"
4124082,"10.99EUR"
864953,"10.99EUR"
9544965,"10.99EUR"
4269984,"10.99EUR"
5448406,"54.99EUR"
9900264,"2.29EUR"
5810672,"2.29EUR"
1050309,"21.99EUR"
8804668,"10.99EUR"
435493,"10.99EUR"
9201521,"10.99EUR"
8224200,"2.29EUR"
NA,"21.99EUR"
8496936,"2.29EUR"
1381459,"2.29EUR"
3501221,"10.99EUR"
3613577,"2.29EUR"
9793515,"2.29EUR"
5734688,"21.99EUR"
8790100,"10.99EUR"
9410128,"10.99EUR"
2021793,"10.99EUR"
9272438,"10.99EUR"
7254901,"2.29EUR"
185368,"2.29EUR"
6503483,"10.99EUR"
3011660,"10.99EUR"
3980920,"10.99EUR"
8448032,"10.99EUR"
1381459,"10.99EUR"
8804668,"2.29EUR"
2517168,"2.29EUR"
3332752,"10.99EUR"
3459407,"2.29EUR"
6673491,"21.99EUR"
8533705,"10.99EUR"
6991515,"21.99EUR"
2259220,"10.99EUR"
124379,"10.99EUR"
7740125,"10.99EUR"
3690150,"10.99EUR"
8686506,"54.99EUR"
6623944,"109.99EUR"
4914259,"2.29EUR"
3026299,"54.99EUR"
1557018,"2.29EUR"
6313965,"10.99EUR"
7740125,"2.29EUR"
6330134,"10.99EUR"
8057830,"2.29EUR"
517243,"2.29EUR"
9651282,"21.99EUR"
1781985,"2.29EUR"
3501221,"2.29EUR"
8038667,"2.29EUR"
791296,"2.29EUR"
9695756,"10.99EUR"
2526170,"2.29EUR"
2749949,"10.99EUR"
7473331,"2.29EUR"
6230120,"10.99EUR"
8195632,"10.99EUR"
7877722,"2.29EUR"
3919377,"21.99EUR"
4244100,"54.99EUR"
9566441,"21.99EUR"
7459825,"21.99EUR"
9514126,"2.29EUR"
8397159,"2.29EUR"
1141788,"2.29EUR"
3857388,"2.29EUR"
9900264,"10.99EUR"
7476311,"21.99EUR"
6258280,"10.99EUR"
5044030,"54.99EUR"
6135680,"2.29EUR"
9509128,"2.29EUR"
9938980,"2.29EUR"
2750174,"2.29EUR"
2259220,"109.99EUR"
1381459,"10.99EUR"
2259220,"10.99EUR"
3690150,"2.29EUR"
9488574,"10.99EUR"
5232212,"54.99EUR"
228723,"2.29EUR"
9710821,"2.29EUR"
3593062,"2.29EUR"
9219822,"2.29EUR"
2600726,"2.29EUR"
5088496,"10.99EUR"
3646010,"21.99EUR"
6393484,"10.99EUR"
6773715,"2.29EUR"
9066248,"2.29EUR"
1127729,"21.99EUR"
2356078,"21.99EUR"
5821621,"21.99EUR"
9665236,"2.29EUR"
9690596,"10.99EUR"
4438679,"2.29EUR"
8796809,"21.99EUR"
317884,"21.99EUR"
2746054,"2.29EUR"
8091516,"10.99EUR"
4344924,"2.29EUR"
5985303,"21.99EUR"
9730504,"54.99EUR"
8528948,"2.29EUR"
5316594,"2.29EUR"
317884,"2.29EUR"
2560575,"54.99EUR"
3879648,"54.99EUR"
691288,"2.29EUR"
9509128,"21.99EUR"
435493,"2.29EUR"
2746054,"2.29EUR"
8481731,"21.99EUR"
2063988,"10.99EUR"
6769438,"2.29EUR"
5904164,"2.29EUR"
6528783,"10.99EUR"
4319476,"2.29EUR"
4244100,"2.29EUR"
9223512,"2.29EUR"
6374867,"10.99EUR"
9173755,"10.99EUR"
1559632,"2.29EUR"
7435822,"2.29EUR"
984436,"10.99EUR"
1117143,"21.99EUR"
9940744,"21.99EUR"
6874712,"21.99EUR"
2315481,"2.29EUR"
563277,"2.29EUR"
7810642,"2.29EUR"
435493,"54.99EUR"
1071128,"10.99EUR"
7431637,"2.29EUR"
9234713,"10.99EUR"
7230585,"2.29EUR"
4410772,"21.99EUR"
3559799,"21.99EUR"
269182,"2.29EUR"
5293143,"10.99EUR"
7740125,"2.29EUR"
4495065,"2.29EUR"
1117143,"2.29EUR"
5734688,"2.29EUR"
3275319,"10.99EUR"
6773715,"2.29EUR"
2315481,"10.99EUR"
2125525,"2.29EUR"
3501221,"2.29EUR"
9778364,"2.29EUR"
3342019,"2.29EUR"
1345559,"2.29EUR"
7222492,"2.29EUR"
8551685,"21.99EUR"
8241906,"10.99EUR"
7474767,"2.29EUR"
9981465,"2.29EUR"
1071128,"2.29EUR"
2560575,"2.29EUR"
1071128,"10.99EUR"
3593062,"10.99EUR"
1625192,"2.29EUR"
807046,"2.29EUR"
7230585,"10.99EUR"
3639991,"2.29EUR"
864953,"2.29EUR"
6349525,"21.99EUR"
6230120,"2.29EUR"
9816646,"10.99EUR"
5316594,"10.99EUR"
9816646,"2.29EUR"
6327414,"21.99EUR"
173708,"10.99EUR"
4993000,"21.99EUR"
8533705,"10.99EUR"
9793515,"2.29EUR"
1806232,"10.99EUR"
856690,"2.29EUR"
3996660,"2.29EUR"
8479994,"2.29EUR"
3593062,"2.29EUR"
7810642,"10.99EUR"
6032126,"2.29EUR"
679586,"21.99EUR"
8061081,"54.99EUR"
6454347,"109.99EUR"
8617158,"2.29EUR"
7509269,"2.29EUR"
8551685,"2.29EUR"
3229826,"10.99EUR"
8599957,"2.29EUR"
4410772,"2.29EUR"
124379,"21.99EUR"
6583789,"2.29EUR"
435493,"2.29EUR"
452833,"10.99EUR"
6570905,"10.99EUR"
8007106,"2.29EUR"
8440483,"2.29EUR"
3690150,"2.29EUR"
2824911,"2.29EUR"
5387402,"2.29EUR"
6378743,"21.99EUR"
3082623,"21.99EUR"
5864282,"54.99EUR"
550581,"10.99EUR"
6454347,"2.29EUR"
856690,"2.29EUR"
8359563,"2.29EUR"
2123404,"10.99EUR"
2116859,"2.29EUR"
6365046,"2.29EUR"
495051,"2.29EUR"
1625192,"2.29EUR"
2750174,"2.29EUR"
3082623,"2.29EUR"
2315481,"10.99EUR"
9651282,"2.29EUR"
3239701,"10.99EUR"
4124082,"2.29EUR"
1781985,"2.29EUR"
2774926,"2.29EUR"
7237539,"10.99EUR"
3613577,"10.99EUR"
229957,"21.99EUR"
4170634,"2.29EUR"
1109197,"2.29EUR"
5085964,"2.29EUR"
7929886,"2.29EUR"
3332752,"-54.99EUR"
6365046,"10.99EUR"
3747333,"21.99EUR"
3332752,"2.29EUR"
26083,"21.99EUR"
104999,"10.99EUR"
1664788,"2.29EUR"
173708,"2.29EUR"
4598972,"2.29EUR"
4621402,"2.29EUR"
7213430,"10.99EUR"
9514126,"10.99EUR"
3536465,"21.99EUR"
9223512,"21.99EUR"
8411124,"2.29EUR"
4993000,"21.99EUR"
6330134,"10.99EUR"
8440483,"54.99EUR"
4426887,"2.29EUR"
5031056,"2.29EUR"
5547996,"10.99EUR"
4478165,"10.99EUR"
895411,"21.99EUR"
3007160,"2.29EUR"
2801559,"54.99EUR"
691288,"2.29EUR"
9651282,"54.99EUR"
3676535,"54.99EUR"
9793515,"2.29EUR"
1086634,"2.29EUR"
1749700,"2.29EUR"
1086634,"21.99EUR"
1912380,"2.29EUR"
9307923,"21.99EUR"
1587019,"21.99EUR"
9709680,"10.99EUR"
8241906,"10.99EUR"
9952208,"2.29EUR"
6258571,"2.29EUR"
9651282,"109.99EUR"
4200856,"2.29EUR"
7430333,"21.99EUR"
3536465,"2.29EUR"
3239701,"2.29EUR"
6071846,"2.29EUR"
864953,"21.99EUR"
9981465,"54.99EUR"
9637000,"2.29EUR"
6127600,"2.29EUR"
7601127,"54.99EUR"
2779523,"2.29EUR"
3459407,"2.29EUR"
5316594,"2.29EUR"
5611185,"10.99EUR"
5651184,"21.99EUR"
8682610,"2.29EUR"
5611185,"2.29EUR"
2333523,"2.29EUR"
6365046,"2.29EUR"
269182,"2.29EUR"
9201521,"2.29EUR"
550581,"10.99EUR"
2801559,"21.99EUR"
4438679,"2.29EUR"
269182,"21.99EUR"
6538406,"10.99EUR"
9665892,"10.99EUR"
4897111,"21.99EUR"
1384736,"2.29EUR"
7740125,"10.99EUR"
1086634,"10.99EUR"
8440483,"2.29EUR"
2441819,"2.29EUR"
5226626,"2.29EUR"
7194902,"21.99EUR"
8038667,"54.99EUR"
6052332,"2.29EUR"
7474767,"10.99EUR"
8599957,"10.99EUR"
5736207,"10.99EUR"
1363026,"21.99EUR"
2774926,"10.99EUR"
9038656,"10.99EUR"
7194902,"2.29EUR"
2179492,"2.29EUR"
5756118,"21.99EUR"
2976635,"21.99EUR"
6454347,"21.99EUR"
679368,"10.99EUR"
6991515,"2.29EUR"
5821621,"10.99EUR"
2315481,"2.29EUR"
6393484,"10.99EUR"
3879648,"10.99EUR"
1133249,"2.29EUR"
1557018,"2.29EUR"
1844827,"2.29EUR"
3023236,"2.29EUR"
4244100,"2.29EUR"
2105277,"10.99EUR"
231622,"2.29EUR"
189970,"10.99EUR"
2105277,"2.29EUR"
550581,"2.29EUR"
189970,"2.29EUR"
1563007,"10.99EUR"
6258280,"2.29EUR"
4604331,"21.99EUR"
3229296,"10.99EUR"
NA,"21.99EUR"
3771481,"10.99EUR"
7740125,"2.29EUR"
3502357,"21.99EUR"
8555727,"2.29EUR"
5479746,"2.29EUR"
401693,"10.99EUR"
4102701,"54.99EUR"
2259220,"2.29EUR"
8359563,"2.29EUR"
6634370,"10.99EUR"
563157,"2.29EUR"
7473331,"109.99EUR"
228723,"2.29EUR"
550581,"2.29EUR"
1012049,"54.99EUR"
2526170,"2.29EUR"
474240,"2.29EUR"
5857444,"21.99EUR"
4344924,"2.29EUR"
1071128,"21.99EUR"
9986314,"10.99EUR"
8429621,"2.29EUR"
4993000,"2.29EUR"
6454347,"10.99EUR"
2196413,"2.29EUR"
9558688,"21.99EUR"
2947185,"10.99EUR"
1904622,"2.29EUR"
4200856,"2.29EUR"
5226626,"109.99EUR"
2746054,"10.99EUR"
2315481,"10.99EUR"
8890497,"21.99EUR"
3237174,"10.99EUR"
2272031,"10.99EUR"
1026794,"2.29EUR"
8375345,"10.99EUR"
1778625,"54.99EUR"
2976635,"2.29EUR"
5765341,"2.29EUR"
4573108,"2.29EUR"
9201521,"10.99EUR"
9571407,"10.99EUR"
4729530,"10.99EUR"
8852443,"21.99EUR"
6454347,"10.99EUR"
9790706,"2.29EUR"
832680,"109.99EUR"
679586,"21.99EUR"
869618,"10.99EUR"
7474767,"2.29EUR"
7740125,"2.29EUR"
5226626,"10.99EUR"
7427454,"2.29EUR"
2824911,"2.29EUR"
1029645,"21.99EUR"
4081823,"2.29EUR"
643015,"2.29EUR"
3872329,"10.99EUR"
832227,"2.29EUR"
6342774,"2.29EUR"
8020209,"10.99EUR"
3613577,"2.29EUR"
2749949,"10.99EUR"
9272438,"10.99EUR"
8305517,"2.29EUR"
7194902,"2.29EUR"
2332395,"2.29EUR"
6349525,"21.99EUR"
45698,"109.99EUR"
2778534,"2.29EUR"
8686506,"10.99EUR"
8555727,"109.99EUR"
3639991,"2.29EUR"
7799947,"10.99EUR"
7342199,"2.29EUR"
2670552,"10.99EUR"
4368721,"2.29EUR"
7369172,"10.99EUR"
691288,"2.29EUR"
7806038,"2.29EUR"
8109427,"2.29EUR"
495051,"2.29EUR"
8555727,"10.99EUR"
4897111,"2.29EUR"
5860904,"10.99EUR"
6773715,"2.29EUR"
27849,"2.29EUR"
5821621,"10.99EUR"
8804668,"10.99EUR"
5848926,"2.29EUR"
9483659,"2.29EUR"
7476311,"10.99EUR"
2560575,"10.99EUR"
7788255,"21.99EUR"
1381459,"2.29EUR"
2560575,"10.99EUR"
9436157,"10.99EUR"
7662273,"21.99EUR"
269182,"2.29EUR"
4520146,"10.99EUR"
6330134,"2.29EUR"
7142802,"10.99EUR"
2749949,"109.99EUR"
6667511,"109.99EUR"
5268963,"10.99EUR"
8057235,"2.29EUR"
1071128,"21.99EUR"
2749949,"10.99EUR"
3082623,"10.99EUR"
6865351,"10.99EUR"
9865461,"10.99EUR"
3536465,"21.99EUR"
4747502,"2.29EUR"
2196413,"54.99EUR"
7912651,"2.29EUR"
6438242,"10.99EUR"
8038667,"2.29EUR"
6914030,"21.99EUR"
712509,"2.29EUR"
1625192,"2.29EUR"
7740125,"21.99EUR"
2746054,"10.99EUR"
8192052,"10.99EUR"
8524603,"2.29EUR"
9005507,"2.29EUR"
1363026,"21.99EUR"
1771450,"10.99EUR"
45698,"10.99EUR"
1557018,"21.99EUR"
2801559,"2.29EUR"
495051,"21.99EUR"
7286532,"10.99EUR"
4559854,"109.99EUR"
8020209,"2.29EUR"
8305517,"10.99EUR"
3657460,"10.99EUR"
1932422,"10.99EUR"
2290721,"21.99EUR"
7894347,"2.29EUR"
8641084,"21.99EUR"
550581,"54.99EUR"
550581,"109.99EUR"
9491204,"21.99EUR"
4806511,"2.29EUR"
4883081,"21.99EUR"
124379,"2.29EUR"
1781985,"10.99EUR"
6667511,"21.99EUR"
9514126,"2.29EUR"
3646010,"2.29EUR"
27849,"2.29EUR"
6634976,"2.29EUR"
4495065,"2.29EUR"
5316594,"21.99EUR"
5909997,"2.29EUR"
4196315,"2.29EUR"
1141788,"2.29EUR"
5983898,"54.99EUR"
4993000,"2.29EUR"
1559632,"2.29EUR"
691288,"10.99EUR"
791296,"21.99EUR"
9558688,"2.29EUR"
1117143,"21.99EUR"
6534794,"2.29EUR"
8305517,"2.29EUR"
6230120,"2.29EUR"
7749011,"2.29EUR"
6071846,"10.99EUR"
3711697,"2.29EUR"
4520146,"2.29EUR"
4271040,"10.99EUR"
6991515,"2.29EUR"
9571407,"21.99EUR"
5651184,"2.29EUR"
7663742,"10.99EUR"
1345559,"2.29EUR"
3747333,"21.99EUR"
550581,"2.29EUR"
6365046,"54.99EUR"
9816646,"2.29EUR"
5486485,"109.99EUR"
6667511,"21.99EUR"
7430333,"10.99EUR"
6407872,"2.29EUR"
3237174,"2.29EUR"
1351152,"2.29EUR"
8276338,"2.29EUR"
9571407,"10.99EUR"
643015,"2.29EUR"
1763807,"54.99EUR"
2935054,"10.99EUR"
6991515,"10.99EUR"
3239701,"2.29EUR"
6135680,"2.29EUR"
8328407,"2.29EUR"
1071128,"2.29EUR"
1625192,"2.29EUR"
8910359,"2.29EUR"
844618,"2.29EUR"
7877722,"2.29EUR"
315950,"2.29EUR"
8826792,"10.99EUR"
6330134,"2.29EUR"
2600726,"2.29EUR"
1744280,"10.99EUR"
7473331,"10.99EUR"
2063988,"10.99EUR"
651520,"2.29EUR"
9057444,"2.29EUR"
9938980,"2.29EUR"
7740125,"2.29EUR"
3613577,"10.99EUR"
1259932,"10.99EUR"
369076,"2.29EUR"
2735507,"2.29EUR"
2901718,"10.99EUR"
3023236,"2.29EUR"
8890497,"10.99EUR"
2123028,"10.99EUR"
1086634,"2.29EUR"
5341287,"2.29EUR"
8411124,"10.99EUR"
9342670,"21.99EUR"
5956873,"2.29EUR"
45698,"10.99EUR"
1190720,"109.99EUR"
2976635,"10.99EUR"
4557454,"54.99EUR"
8804668,"2.29EUR"
8429621,"10.99EUR"
4070921,"21.99EUR"
6342774,"21.99EUR"
7877722,"2.29EUR"
8886983,"10.99EUR"
8162119,"2.29EUR"
3786416,"10.99EUR"
6230120,"2.29EUR"
4557454,"2.29EUR"
45698,"2.29EUR"
3593062,"10.99EUR"
7877722,"21.99EUR"
4244100,"2.29EUR"
3607444,"2.29EUR"
2445621,"2.29EUR"
6667511,"21.99EUR"
7806038,"2.29EUR"
8038667,"2.29EUR"
6365046,"2.29EUR"
3023236,"2.29EUR"
4319476,"10.99EUR"
8323931,"2.29EUR"
9778364,"10.99EUR"
277023,"2.29EUR"
4269984,"21.99EUR"
869618,"2.29EUR"
8366920,"2.29EUR"
2746054,"10.99EUR"
6991515,"2.29EUR"
4271040,"54.99EUR"
2349123,"10.99EUR"
720198,"2.29EUR"
2560575,"10.99EUR"
869618,"21.99EUR"
550581,"21.99EUR"
3879648,"21.99EUR"
9146035,"10.99EUR"
7663436,"21.99EUR"
9637000,"54.99EUR"
4561130,"2.29EUR"
6071846,"2.29EUR"
9710821,"2.29EUR"
4598972,"2.29EUR"
3325029,"2.29EUR"
1071128,"2.29EUR"
1781985,"2.29EUR"
8195632,"10.99EUR"
680376,"2.29EUR"
2946210,"2.29EUR"
643015,"21.99EUR"
6784796,"2.29EUR"
7806038,"2.29EUR"
9682396,"10.99EUR"
6773715,"21.99EUR"
7069181,"2.29EUR"
4064925,"2.29EUR"
2315481,"10.99EUR"
7806038,"2.29EUR"
3162635,"21.99EUR"
6003376,"10.99EUR"
2105277,"10.99EUR"
4064925,"2.29EUR"
2801559,"10.99EUR"
7662273,"2.29EUR"
691288,"10.99EUR"
7474767,"2.29EUR"
3536465,"2.29EUR"
1045169,"2.29EUR"
6135680,"10.99EUR"
8038667,"10.99EUR"
5103040,"2.29EUR"
6828190,"21.99EUR"
7806038,"10.99EUR"
8292894,"2.29EUR"
2445621,"2.29EUR"
1139929,"2.29EUR"
3059600,"2.29EUR"
4163181,"10.99EUR"
8431493,"2.29EUR"
531816,"2.29EUR"
2014550,"54.99EUR"
5387402,"2.29EUR"
7912651,"10.99EUR"
4344924,"21.99EUR"
4557454,"2.29EUR"
2496368,"2.29EUR"
1381459,"2.29EUR"
3613577,"10.99EUR"
159871,"10.99EUR"
5863511,"2.29EUR"
8543125,"10.99EUR"
1363026,"2.29EUR"
7799947,"54.99EUR"
2315481,"10.99EUR"
7342199,"2.29EUR"
7489164,"10.99EUR"
6327414,"21.99EUR"
9853197,"2.29EUR"
6942724,"10.99EUR"
2234523,"2.29EUR"
4897111,"2.29EUR"
8427248,"2.29EUR"
8057235,"2.29EUR"
1904622,"21.99EUR"
5075458,"2.29EUR"
3407388,"2.29EUR"
7099407,"10.99EUR"
3185587,"21.99EUR"
7474767,"21.99EUR"
8555727,"10.99EUR"
7204951,"2.29EUR"
7699053,"21.99EUR"
864953,"21.99EUR"
4650030,"54.99EUR"
7134962,"2.29EUR"
9853197,"10.99EUR"
1664788,"2.29EUR"
4897111,"21.99EUR"
8440483,"2.29EUR"
707895,"10.99EUR"
8429621,"2.29EUR"
1557018,"2.29EUR"
3593062,"2.29EUR"
1071128,"2.29EUR"
6323692,"2.29EUR"
6914030,"10.99EUR"
3997030,"2.29EUR"
268946,"2.29EUR"
860227,"2.29EUR"
909339,"54.99EUR"
9900264,"21.99EUR"
6773715,"2.29EUR"
3022494,"21.99EUR"
4520146,"2.29EUR"
5547744,"2.29EUR"
1045169,"10.99EUR"
2496368,"54.99EUR"
6633659,"21.99EUR"
2218497,"2.29EUR"
8848457,"10.99EUR"
4376896,"2.29EUR"
2801559,"2.29EUR"
6454347,"2.29EUR"
7474767,"10.99EUR"
9875181,"21.99EUR"
6258280,"2.29EUR"
8706555,"2.29EUR"
2749949,"2.29EUR"
1271121,"2.29EUR"
531402,"2.29EUR"
1806232,"10.99EUR"
1036079,"2.29EUR"
6349525,"2.29EUR"
8551685,"2.29EUR"
435493,"21.99EUR"
6313965,"10.99EUR"
4202758,"54.99EUR"
643015,"2.29EUR"
3456367,"10.99EUR"
6327414,"54.99EUR"
474240,"2.29EUR"
6115626,"10.99EUR"
4055903,"2.29EUR"
4561130,"2.29EUR"
550581,"2.29EUR"
5657512,"109.99EUR"
7894347,"54.99EUR"
6454347,"2.29EUR"
6052332,"2.29EUR"
4897111,"10.99EUR"
6773715,"10.99EUR"
5859082,"2.29EUR"
3919377,"21.99EUR"
4170634,"54.99EUR"
7806038,"10.99EUR"
6508027,"2.29EUR"
3536465,"2.29EUR"
7310054,"2.29EUR"
6667511,"2.29EUR"
6773715,"2.29EUR"
8305517,"54.99EUR"
6030181,"2.29EUR"
1232741,"21.99EUR"
3582835,"10.99EUR"
4124082,"54.99EUR"
8429621,"10.99EUR"
3613577,"21.99EUR"
7427454,"2.29EUR"
8022685,"21.99EUR"
4897111,"21.99EUR"
3225609,"21.99EUR"
6773715,"2.29EUR"
9272438,"10.99EUR"
3639991,"2.29EUR"
4993000,"54.99EUR"
9238203,"10.99EUR"
3837980,"2.29EUR"
3612433,"21.99EUR"
1749700,"2.29EUR"
2995963,"10.99EUR"
3747333,"2.29EUR"
3023236,"10.99EUR"
8645904,"2.29EUR"
315950,"54.99EUR"
8941554,"21.99EUR"
9635755,"2.29EUR"
4697130,"10.99EUR"
8732542,"21.99EUR"
2750174,"2.29EUR"
3237174,"2.29EUR"
9778364,"10.99EUR"
5704515,"2.29EUR"
2560575,"2.29EUR"
8764839,"2.29EUR"
1558187,"21.99EUR"
8038667,"2.29EUR"
6828190,"2.29EUR"
1227615,"21.99EUR"
8706555,"21.99EUR"
1250389,"10.99EUR"
5387402,"2.29EUR"
8972655,"2.29EUR"
4307485,"2.29EUR"
2750174,"21.99EUR"
550581,"2.29EUR"
1141788,"2.29EUR"
8555727,"2.29EUR"
3613577,"21.99EUR"
2670552,"2.29EUR"
2382641,"10.99EUR"
6784796,"10.99EUR"
9234713,"54.99EUR"
6784796,"10.99EUR"
6667511,"2.29EUR"
6667511,"2.29EUR"
2288156,"2.29EUR"
7213430,"2.29EUR"
4271040,"2.29EUR"
9690596,"54.99EUR"
179551,"10.99EUR"
6066273,"2.29EUR"
5956873,"21.99EUR"
2332395,"2.29EUR"
1083375,"21.99EUR"
2947185,"109.99EUR"
6712840,"10.99EUR"
6784796,"2.29EUR"
268946,"2.29EUR"
7099407,"2.29EUR"
5886557,"2.29EUR"
8359563,"21.99EUR"
435493,"109.99EUR"
1011310,"10.99EUR"
9483659,"21.99EUR"
5100944,"10.99EUR"
435493,"10.99EUR"
3559799,"21.99EUR"
189970,"21.99EUR"
5864282,"2.29EUR"
8551685,"2.29EUR"
9566441,"2.29EUR"
8348013,"10.99EUR"
6454347,"109.99EUR"
3774555,"21.99EUR"
4244100,"10.99EUR"
7040082,"10.99EUR"
2288156,"10.99EUR"
2332395,"2.29EUR"
1117143,"21.99EUR"
6066273,"2.29EUR"
9900264,"21.99EUR"
7025127,"2.29EUR"
3023236,"2.29EUR"
7390906,"10.99EUR"
6052332,"10.99EUR"
2196413,"2.29EUR"
4417520,"2.29EUR"
5479746,"2.29EUR"
2994433,"10.99EUR"
8348013,"10.99EUR"
8502069,"54.99EUR"
6712840,"10.99EUR"
317884,"2.29EUR"
1557018,"54.99EUR"
495051,"21.99EUR"
6230120,"2.29EUR"
6359120,"2.29EUR"
6772692,"2.29EUR"
9037570,"10.99EUR"
1381459,"109.99EUR"
26083,"10.99EUR"
4495065,"54.99EUR"
7099407,"2.29EUR"
6570905,"2.29EUR"
5734688,"54.99EUR"
909339,"2.29EUR"
832680,"10.99EUR"
7810642,"2.29EUR"
8481731,"21.99EUR"
1363026,"21.99EUR"
6454347,"10.99EUR"
3237174,"21.99EUR"
4846776,"21.99EUR"
6784796,"10.99EUR"
4561130,"10.99EUR"
8250528,"10.99EUR"
633072,"21.99EUR"
5908146,"2.29EUR"
4070921,"2.29EUR"
7806038,"2.29EUR"
173708,"10.99EUR"
1086634,"10.99EUR"
7430333,"10.99EUR"
2332395,"2.29EUR"
4897111,"21.99EUR"
8204647,"2.29EUR"
3022494,"2.29EUR"
2266834,"21.99EUR"
8007106,"2.29EUR"
9938980,"21.99EUR"
6030181,"2.29EUR"
6623944,"10.99EUR"
417699,"10.99EUR"
8429621,"10.99EUR"
7740125,"21.99EUR"
7204951,"54.99EUR"
3113630,"10.99EUR"
5203851,"2.29EUR"
4729530,"2.29EUR"
7204951,"2.29EUR"
7476311,"2.29EUR"
5985303,"2.29EUR"
3997030,"10.99EUR"
3229296,"2.29EUR"
6454347,"109.99EUR"
228723,"10.99EUR"
9778364,"10.99EUR"
5316594,"21.99EUR"
435493,"2.29EUR"
1429389,"21.99EUR"
5382976,"21.99EUR"
3464635,"2.29EUR"
2723624,"2.29EUR"
5624330,"2.29EUR"
8524603,"10.99EUR"
8196805,"2.29EUR"
5189627,"2.29EUR"
3645712,"2.29EUR"
1012049,"2.29EUR"
189970,"10.99EUR"
7663436,"2.29EUR"
7799947,"10.99EUR"
6052332,"2.29EUR"
8359563,"2.29EUR"
6365046,"10.99EUR"
9695756,"2.29EUR"
9045815,"2.29EUR"
9822330,"2.29EUR"
9514126,"10.99EUR"
2976635,"21.99EUR"
1516988,"2.29EUR"
4846776,"10.99EUR"
4559854,"109.99EUR"
45698,"2.29EUR"
4876550,"21.99EUR"
3185587,"2.29EUR"
7204951,"2.29EUR"
3325029,"2.29EUR"
4752522,"2.29EUR"
2735507,"10.99EUR"
5846084,"10.99EUR"
3023236,"10.99EUR"
6052332,"2.29EUR"
3690150,"10.99EUR"
8524603,"10.99EUR"
7810642,"21.99EUR"
6327414,"2.29EUR"
9038656,"21.99EUR"
2218497,"21.99EUR"
633072,"10.99EUR"
4495065,"2.29EUR"
6330134,"2.29EUR"
4883081,"109.99EUR"
1381459,"21.99EUR"
2315481,"10.99EUR"
5210677,"10.99EUR"
4070921,"2.29EUR"
1086634,"2.29EUR"
7476311,"2.29EUR"
6230120,"2.29EUR"
1558187,"2.29EUR"
2105277,"2.29EUR"
3459407,"2.29EUR"
3771481,"2.29EUR"
9853197,"21.99EUR"
3332752,"2.29EUR"
3997030,"2.29EUR"
6365046,"10.99EUR"
1117277,"2.29EUR"
3237174,"10.99EUR"
1397658,"54.99EUR"
474240,"21.99EUR"
8551685,"10.99EUR"
9571407,"10.99EUR"
8533705,"2.29EUR"
9999710,"10.99EUR"
6067008,"54.99EUR"
7877722,"10.99EUR"
6991515,"10.99EUR"
8431493,"2.29EUR"
2272031,"10.99EUR"
2734372,"10.99EUR"
8057830,"21.99EUR"
3593062,"21.99EUR"
269182,"2.29EUR"
2315481,"54.99EUR"
3275319,"10.99EUR"
7699053,"21.99EUR"
9410403,"10.99EUR"
6723230,"2.29EUR"
9999710,"21.99EUR"
417699,"10.99EUR"
7806038,"2.29EUR"
8198556,"2.29EUR"
435493,"10.99EUR"
1963889,"10.99EUR"
4897111,"2.29EUR"
228723,"21.99EUR"
2356078,"21.99EUR"
7810642,"21.99EUR"
5075458,"21.99EUR"
2560167,"10.99EUR"
3023236,"2.29EUR"
3237174,"21.99EUR"
3747333,"2.29EUR"
8804668,"2.29EUR"
2015533,"2.29EUR"
563277,"2.29EUR"
5316594,"2.29EUR"
7069181,"10.99EUR"
641545,"54.99EUR"
4244100,"21.99EUR"
1233033,"54.99EUR"
6667511,"2.29EUR"
8038667,"54.99EUR"
2315481,"21.99EUR"
8427248,"2.29EUR"
77644,"10.99EUR"
7663436,"2.29EUR"
8528948,"21.99EUR"
8038667,"21.99EUR"
7025127,"2.29EUR"
7788255,"2.29EUR"
8555727,"21.99EUR"
8542347,"2.29EUR"
1071128,"10.99EUR"
3581616,"10.99EUR"
7810642,"2.29EUR"
7799947,"2.29EUR"
1190720,"10.99EUR"
2332395,"10.99EUR"
2098970,"21.99EUR"
6357393,"21.99EUR"
3536465,"2.29EUR"
2196413,"109.99EUR"
2897068,"10.99EUR"
4897111,"2.29EUR"
6066273,"21.99EUR"
1495670,"21.99EUR"
1763807,"109.99EUR"
8241906,"21.99EUR"
3879648,"2.29EUR"
7222492,"10.99EUR"
8398281,"2.29EUR"
9665892,"21.99EUR"
7892216,"2.29EUR"
4561130,"2.29EUR"
8429621,"2.29EUR"
3023236,"10.99EUR"
5860904,"10.99EUR"
7310054,"2.29EUR"
869618,"10.99EUR"
8941554,"2.29EUR"
6313965,"21.99EUR"
6682624,"10.99EUR"
2332395,"2.29EUR"
7662273,"54.99EUR"
6534794,"2.29EUR"
7459191,"2.29EUR"
1011310,"10.99EUR"
3239701,"10.99EUR"
1127729,"2.29EUR"
8142861,"2.29EUR"
2746054,"2.29EUR"
268946,"2.29EUR"
3407964,"21.99EUR"
7194902,"21.99EUR"
5734688,"10.99EUR"
3225609,"2.29EUR"
864953,"21.99EUR"
7929886,"10.99EUR"
6242747,"21.99EUR"
3237174,"109.99EUR"
5848926,"10.99EUR"
8645904,"2.29EUR"
4419163,"10.99EUR"
7777592,"21.99EUR"
8882567,"10.99EUR"
5734688,"10.99EUR"
3936020,"10.99EUR"
4410772,"10.99EUR"
2976635,"10.99EUR"
4568083,"21.99EUR"
9737704,"2.29EUR"
8241906,"2.29EUR"
7489164,"10.99EUR"
1495670,"10.99EUR"
424474,"10.99EUR"
4993000,"2.29EUR"
643015,"2.29EUR"
228723,"2.29EUR"
8057235,"2.29EUR"
8375345,"2.29EUR"
1141788,"2.29EUR"
4561130,"10.99EUR"
4319476,"10.99EUR"
7474767,"21.99EUR"
4742196,"109.99EUR"
7810642,"2.29EUR"
2288156,"10.99EUR"
2911012,"10.99EUR"
4368721,"2.29EUR"
3239701,"2.29EUR"
4089079,"109.99EUR"
691288,"10.99EUR"
8429621,"10.99EUR"
3023236,"10.99EUR"
7699053,"2.29EUR"
9571407,"10.99EUR"
6052332,"2.29EUR"
2279849,"21.99EUR"
9665892,"10.99EUR"
2817782,"21.99EUR"
9651282,"10.99EUR"
9651282,"2.29EUR"
8429621,"2.29EUR"
7929886,"21.99EUR"
4244100,"2.29EUR"
4806511,"21.99EUR"
8972655,"10.99EUR"
2801559,"2.29EUR"
3607444,"2.29EUR"
6438242,"2.29EUR"
2356078,"2.29EUR"
9665892,"2.29EUR"
8804668,"21.99EUR"
9571407,"2.29EUR"
8038667,"2.29EUR"
6330134,"21.99EUR"
9778364,"10.99EUR"
1127729,"10.99EUR"
7656145,"2.29EUR"
4430457,"21.99EUR"
45698,"2.29EUR"
2901718,"2.29EUR"
4561130,"21.99EUR"
759915,"10.99EUR"
550581,"2.29EUR"
5910376,"10.99EUR"
8528948,"2.29EUR"
6574762,"2.29EUR"
5232212,"2.29EUR"
3771481,"2.29EUR"
1781985,"2.29EUR"
8555727,"10.99EUR"
8972655,"10.99EUR"
6531033,"54.99EUR"
1557018,"54.99EUR"
4307812,"10.99EUR"
5635262,"10.99EUR"
8496936,"2.29EUR"
1095490,"2.29EUR"
1625192,"10.99EUR"
9940744,"2.29EUR"
3033525,"21.99EUR"
1071128,"2.29EUR"
9665892,"2.29EUR"
9038656,"2.29EUR"
350455,"10.99EUR"
4650030,"2.29EUR"
7204951,"2.29EUR"
3612433,"21.99EUR"
3607444,"2.29EUR"
5300780,"2.29EUR"
1557018,"2.29EUR"
4170634,"2.29EUR"
3507782,"10.99EUR"
1137518,"10.99EUR"
7069181,"54.99EUR"
268946,"10.99EUR"
4086249,"10.99EUR"
3752157,"2.29EUR"
2369094,"2.29EUR"
5393303,"2.29EUR"
3536465,"2.29EUR"
3239701,"54.99EUR"
6174028,"10.99EUR"
6438242,"2.29EUR"
228723,"2.29EUR"
9272438,"2.29EUR"
5094952,"2.29EUR"
1351152,"2.29EUR"
228723,"2.29EUR"
2910672,"10.99EUR"
9201521,"2.29EUR"
1071128,"10.99EUR"
6454347,"10.99EUR"
2356078,"2.29EUR"
8440483,"2.29EUR"
3607444,"2.29EUR"
369076,"2.29EUR"
550581,"21.99EUR"
4557454,"2.29EUR"
6991515,"10.99EUR"
4598972,"10.99EUR"
8524603,"10.99EUR"
2105277,"54.99EUR"
3239701,"2.29EUR"
1963889,"2.29EUR"
5132399,"2.29EUR"
8375877,"10.99EUR"
6108729,"2.29EUR"
6667511,"21.99EUR"
9853197,"2.29EUR"
2014550,"54.99EUR"
5904164,"2.29EUR"
4897111,"10.99EUR"
6955009,"21.99EUR"
8543125,"10.99EUR"
2315481,"2.29EUR"
3612433,"21.99EUR"
1433068,"2.29EUR"
5607226,"21.99EUR"
3593062,"10.99EUR"
3237174,"2.29EUR"
6667511,"2.29EUR"
156370,"54.99EUR"
9514126,"10.99EUR"
8790100,"10.99EUR"
5232212,"2.29EUR"
4691853,"2.29EUR"
1912380,"109.99EUR"
4200856,"2.29EUR"
124379,"10.99EUR"
7489164,"109.99EUR"
9981465,"21.99EUR"
9710821,"10.99EUR"
9816646,"2.29EUR"
8551685,"2.29EUR"
8375345,"10.99EUR"
1221727,"10.99EUR"
443985,"2.29EUR"
3112789,"109.99EUR"
7810642,"109.99EUR"
1363026,"54.99EUR"
1197089,"10.99EUR"
7597410,"10.99EUR"
4557454,"2.29EUR"
8375877,"10.99EUR"
5316594,"2.29EUR"
3639991,"21.99EUR"
6216125,"2.29EUR"
2749949,"10.99EUR"
613782,"2.29EUR"
7894347,"10.99EUR"
691288,"2.29EUR"
7342199,"2.29EUR"
9710609,"10.99EUR"
3729361,"10.99EUR"
7230585,"10.99EUR"
8852443,"10.99EUR"
5094952,"10.99EUR"
386608,"10.99EUR"
1045169,"10.99EUR"
4319476,"2.29EUR"
4914115,"21.99EUR"
6342774,"54.99EUR"
6630557,"54.99EUR"
6174028,"10.99EUR"
268946,"21.99EUR"
2356078,"54.99EUR"
6342774,"2.29EUR"
3297622,"10.99EUR"
6773715,"2.29EUR"
7230585,"2.29EUR"
9146035,"10.99EUR"
6861759,"21.99EUR"
3162124,"54.99EUR"
7069181,"2.29EUR"
3612433,"2.29EUR"
7912651,"10.99EUR"
1381459,"10.99EUR"
6342774,"10.99EUR"
8533705,"2.29EUR"
7430333,"21.99EUR"
8375877,"21.99EUR"
1857845,"2.29EUR"
8533705,"2.29EUR"
1625516,"10.99EUR"
860227,"10.99EUR"
9816646,"2.29EUR"
8328407,"54.99EUR"
1495670,"2.29EUR"
6795241,"10.99EUR"
5583035,"21.99EUR"
8305517,"2.29EUR"
9682396,"2.29EUR"
4876550,"2.29EUR"
8431493,"21.99EUR"
2901718,"10.99EUR"
315950,"21.99EUR"
2496368,"2.29EUR"
3612433,"10.99EUR"
3536465,"2.29EUR"
3459407,"2.29EUR"
269182,"2.29EUR"
7445592,"2.29EUR"
7194902,"2.29EUR"
1755896,"10.99EUR"
2746054,"54.99EUR"
5232212,"10.99EUR"
5293143,"21.99EUR"
8910359,"2.29EUR"
7489164,"10.99EUR"
641545,"2.29EUR"
7663436,"10.99EUR"
3696741,"2.29EUR"
3582835,"10.99EUR"
5547744,"10.99EUR"
4897111,"10.99EUR"
8288691,"21.99EUR"
5268963,"10.99EUR"
8038667,"10.99EUR"
3332752,"2.29EUR"
9483659,"10.99EUR"
4368721,"10.99EUR"
3997030,"10.99EUR"
4086249,"21.99EUR"
2356078,"2.29EUR"
8933007,"10.99EUR"
9272438,"10.99EUR"
1071128,"2.29EUR"
6349525,"21.99EUR"
1381459,"21.99EUR"
1190720,"2.29EUR"
691288,"54.99EUR"
643015,"10.99EUR"
4897111,"109.99EUR"
2976635,"21.99EUR"
8038667,"2.29EUR"
3530801,"10.99EUR"
7473331,"21.99EUR"
3023236,"2.29EUR"
159871,"2.29EUR"
9221429,"54.99EUR"
3593062,"2.29EUR"
1259932,"10.99EUR"
3612433,"2.29EUR"
6784796,"10.99EUR"
474240,"10.99EUR"
6110173,"10.99EUR"
3536465,"2.29EUR"
7333551,"10.99EUR"
1117143,"54.99EUR"
474240,"2.29EUR"
228723,"10.99EUR"
9701131,"2.29EUR"
6942724,"21.99EUR"
4244100,"10.99EUR"
2750174,"21.99EUR"
6108729,"54.99EUR"
5903111,"2.29EUR"
2749949,"2.29EUR"
159871,"10.99EUR"
3690150,"2.29EUR"
3919377,"21.99EUR"
9037628,"10.99EUR"
4719527,"10.99EUR"
8543125,"10.99EUR"
3295090,"21.99EUR"
3185587,"10.99EUR"
7476311,"2.29EUR"
1045169,"2.29EUR"
1345559,"2.29EUR"
7501480,"109.99EUR"
8038667,"2.29EUR"
7929886,"109.99EUR"
9853197,"21.99EUR"
2926931,"10.99EUR"
7015344,"2.29EUR"
7204951,"10.99EUR"
5127646,"21.99EUR"
856690,"2.29EUR"
9751275,"10.99EUR"
8804668,"10.99EUR"
369076,"10.99EUR"
7912651,"10.99EUR"
4495065,"54.99EUR"
3771481,"21.99EUR"
3559799,"21.99EUR"
8555727,"2.29EUR"
6784796,"2.29EUR"
8004071,"2.29EUR"
1177780,"21.99EUR"
5268963,"10.99EUR"
6357393,"10.99EUR"
7427454,"21.99EUR"
3879648,"109.99EUR"
3879648,"2.29EUR"
2560575,"10.99EUR"
3239701,"2.29EUR"
4170634,"10.99EUR"
4368721,"2.29EUR"
9981465,"2.29EUR"
9173755,"21.99EUR"
6813266,"21.99EUR"
542871,"109.99EUR"
1071128,"2.29EUR"
2752038,"2.29EUR"
7799947,"2.29EUR"
7194902,"2.29EUR"
3082623,"21.99EUR"
6454347,"10.99EUR"
4269984,"2.29EUR"
4902792,"21.99EUR"
2109502,"2.29EUR"
2817782,"2.29EUR"
268946,"2.29EUR"
495051,"2.29EUR"
1433068,"10.99EUR"
3690150,"2.29EUR"
6712840,"10.99EUR"
2959161,"10.99EUR"
3297622,"21.99EUR"
9320666,"2.29EUR"
4931648,"21.99EUR"
1071128,"2.29EUR"
6454347,"10.99EUR"
1664788,"10.99EUR"
4897111,"21.99EUR"
8804668,"21.99EUR"
4410772,"10.99EUR"
3997030,"10.99EUR"
8641084,"2.29EUR"
3237174,"10.99EUR"
4495065,"21.99EUR"
2750174,"2.29EUR"
4200856,"21.99EUR"
8431493,"2.29EUR"
6534794,"10.99EUR"
2749949,"2.29EUR"
1127729,"10.99EUR"
856690,"109.99EUR"
4200856,"21.99EUR"
6445892,"10.99EUR"
5903111,"2.29EUR"
7775672,"2.29EUR"
4993000,"2.29EUR"
1781985,"10.99EUR"
7851617,"10.99EUR"
2382641,"10.99EUR"
3559799,"10.99EUR"
9981465,"2.29EUR"
104999,"2.29EUR"
6342774,"10.99EUR"
4495065,"10.99EUR"
3747333,"2.29EUR"
3459407,"10.99EUR"
867686,"54.99EUR"
8057235,"2.29EUR"
4604331,"2.29EUR"
3229296,"21.99EUR"
3023236,"10.99EUR"
3225609,"2.29EUR"
7806038,"2.29EUR"
4614466,"21.99EUR"
9403057,"21.99EUR"
2125525,"2.29EUR"
3169757,"2.29EUR"
6969916,"10.99EUR"
6667511,"109.99EUR"
5734688,"21.99EUR"
9514126,"2.29EUR"
173708,"54.99EUR"
4860875,"2.29EUR"
7929886,"21.99EUR"
6784796,"10.99EUR"
6570905,"10.99EUR"
5547744,"21.99EUR"
6773715,"54.99EUR"
8288691,"109.99EUR"
228723,"10.99EUR"
4244100,"54.99EUR"
1557018,"21.99EUR"
173708,"10.99EUR"
864953,"10.99EUR"
6454347,"2.29EUR"
869618,"10.99EUR"
8431493,"21.99EUR"
9435768,"2.29EUR"
3332752,"54.99EUR"
7683004,"10.99EUR"
1045169,"10.99EUR"
2288156,"10.99EUR"
8790100,"10.99EUR"
7740125,"2.29EUR"
7473331,"2.29EUR"
6773715,"2.29EUR"
4604331,"21.99EUR"
9544965,"2.29EUR"
7473331,"2.29EUR"
1071128,"2.29EUR"
867686,"21.99EUR"
7397157,"10.99EUR"
6678001,"10.99EUR"
2749949,"2.29EUR"
1495670,"21.99EUR"
6052332,"2.29EUR"
4614466,"2.29EUR"
9981465,"10.99EUR"
1071184,"10.99EUR"
3237174,"2.29EUR"
4598972,"10.99EUR"
4559854,"2.29EUR"
3997030,"10.99EUR"
3612433,"2.29EUR"
8007106,"10.99EUR"
7230585,"2.29EUR"
3023236,"21.99EUR"
5316594,"2.29EUR"
2150877,"10.99EUR"
449998,"2.29EUR"
8543125,"21.99EUR"
9146035,"2.29EUR"
9223512,"21.99EUR"
4823710,"10.99EUR"
8682610,"10.99EUR"
417699,"109.99EUR"
2916417,"2.29EUR"
4007506,"2.29EUR"
6454347,"21.99EUR"
2105277,"10.99EUR"
8241906,"21.99EUR"
517243,"21.99EUR"
8686506,"10.99EUR"
9938980,"21.99EUR"
1557018,"109.99EUR"
1234582,"109.99EUR"
2196413,"21.99EUR"
9905648,"10.99EUR"
6508027,"10.99EUR"
6046092,"10.99EUR"
26083,"2.29EUR"
9571407,"21.99EUR"
4495065,"54.99EUR"
3711697,"2.29EUR"
5880024,"21.99EUR"
9637000,"10.99EUR"
7965814,"2.29EUR"
4897111,"21.99EUR"
5100944,"2.29EUR"
3639991,"2.29EUR"
3112789,"109.99EUR"
6836301,"2.29EUR"
4086249,"10.99EUR"
5085964,"2.29EUR"
984436,"54.99EUR"
4086249,"2.29EUR"
5241554,"21.99EUR"
4673004,"2.29EUR"
6064847,"2.29EUR"
7597410,"2.29EUR"
550581,"10.99EUR"
8543125,"21.99EUR"
4271040,"10.99EUR"
7810642,"21.99EUR"
517243,"21.99EUR"
7549333,"54.99EUR"
6570905,"2.29EUR"
1563007,"2.29EUR"
1625192,"21.99EUR"
7474767,"21.99EUR"
9057444,"2.29EUR"
7663436,"10.99EUR"
2356078,"2.29EUR"
7877722,"2.29EUR"
7662273,"21.99EUR"
7239011,"54.99EUR"
4902792,"2.29EUR"
1559632,"21.99EUR"
5075458,"10.99EUR"
4729530,"2.29EUR"
7777592,"21.99EUR"
3646010,"10.99EUR"
435493,"21.99EUR"
3501221,"2.29EUR"
4210827,"21.99EUR"
8305517,"2.29EUR"
3646010,"2.29EUR"
2554373,"10.99EUR"
5532030,"2.29EUR"
4271040,"2.29EUR"
3919377,"10.99EUR"
8879130,"2.29EUR"
6991515,"109.99EUR"
1298002,"10.99EUR"
9665892,"2.29EUR"
6874712,"10.99EUR"
3407964,"21.99EUR"
268946,"2.29EUR"
1563007,"10.99EUR"
4897111,"10.99EUR"
626857,"21.99EUR"
7489164,"21.99EUR"
6313965,"2.29EUR"
6914030,"2.29EUR"
1086634,"10.99EUR"
2560575,"2.29EUR"
4436950,"2.29EUR"
864953,"2.29EUR"
8551685,"10.99EUR"
2670552,"10.99EUR"
2382641,"21.99EUR"
4170634,"2.29EUR"
1045169,"2.29EUR"
1190720,"10.99EUR"
2592309,"21.99EUR"
8305517,"21.99EUR"
5210677,"10.99EUR"
7763319,"2.29EUR"
2916417,"109.99EUR"
4860875,"2.29EUR"
2196413,"10.99EUR"
1190720,"2.29EUR"
7626542,"2.29EUR"
6066273,"10.99EUR"
984436,"10.99EUR"
3997030,"2.29EUR"
4410772,"21.99EUR"
3612433,"2.29EUR"
6258571,"2.29EUR"
1133249,"10.99EUR"
104999,"10.99EUR"
6570905,"2.29EUR"
7810642,"2.29EUR"
9038656,"2.29EUR"
8599957,"2.29EUR"
386608,"10.99EUR"
8241906,"2.29EUR"
7194902,"2.29EUR"
8002099,"10.99EUR"
3501221,"21.99EUR"
2098970,"10.99EUR"
2315481,"54.99EUR"
9816646,"10.99EUR"
526419,"10.99EUR"
7877722,"2.29EUR"
9558688,"2.29EUR"
3612433,"2.29EUR"
4914115,"2.29EUR"
8481731,"10.99EUR"
8411124,"21.99EUR"
1198496,"109.99EUR"
7213430,"2.29EUR"
9888855,"2.29EUR"
4897111,"21.99EUR"
7459825,"2.29EUR"
8528948,"10.99EUR"
1495670,"10.99EUR"
563157,"10.99EUR"
1563007,"54.99EUR"
4914115,"10.99EUR"
6349525,"10.99EUR"
9635755,"21.99EUR"
6991515,"2.29EUR"
9793515,"2.29EUR"
1197089,"2.29EUR"
1198496,"2.29EUR"
2105277,"2.29EUR"
6359120,"21.99EUR"
1086634,"2.29EUR"
6605253,"2.29EUR"
1381459,"21.99EUR"
4897111,"21.99EUR"
3237174,"10.99EUR"
9525685,"2.29EUR"
6445892,"54.99EUR"
2315481,"21.99EUR"
7810642,"2.29EUR"
7662273,"2.29EUR"
2845023,"2.29EUR"
2779523,"21.99EUR"
2735507,"21.99EUR"
2976635,"2.29EUR"
4573108,"54.99EUR"
3275319,"109.99EUR"
1381459,"2.29EUR"
7069181,"2.29EUR"
7912651,"2.29EUR"
7912651,"2.29EUR"
2315481,"54.99EUR"
4495065,"2.29EUR"
3232380,"2.29EUR"
3325029,"2.29EUR"
4319476,"54.99EUR"
435493,"10.99EUR"
5857444,"21.99EUR"
3706747,"2.29EUR"
3425367,"21.99EUR"
7230585,"2.29EUR"
2959161,"10.99EUR"
7584341,"2.29EUR"
2315481,"10.99EUR"
8555727,"2.29EUR"
474240,"2.29EUR"
7427454,"2.29EUR"
641545,"2.29EUR"
3997030,"2.29EUR"
4202758,"10.99EUR"
4559854,"2.29EUR"
3239701,"54.99EUR"
4244100,"2.29EUR"
5075458,"21.99EUR"
6258571,"10.99EUR"
5615632,"21.99EUR"
4763998,"2.29EUR"
1141788,"10.99EUR"
8328407,"21.99EUR"
9255701,"10.99EUR"
268946,"10.99EUR"
9651282,"21.99EUR"
3786416,"10.99EUR"
8038667,"2.29EUR"
1016229,"10.99EUR"
2824911,"2.29EUR"
331668,"2.29EUR"
7509269,"2.29EUR"
3023236,"21.99EUR"
3613577,"10.99EUR"
7430333,"2.29EUR"
9435768,"54.99EUR"
7476311,"10.99EUR"
4170634,"10.99EUR"
3872329,"2.29EUR"
6313965,"2.29EUR"
7656318,"10.99EUR"
6108729,"2.29EUR"
6996466,"2.29EUR"
9695756,"2.29EUR"
4269984,"2.29EUR"
2109502,"10.99EUR"
9938980,"10.99EUR"
1259932,"21.99EUR"
6678001,"2.29EUR"
2648347,"21.99EUR"
1011310,"10.99EUR"
9223512,"10.99EUR"
1557018,"10.99EUR"
2295182,"10.99EUR"
2014550,"2.29EUR"
7810642,"2.29EUR"
5732723,"21.99EUR"
550581,"21.99EUR"
6258280,"21.99EUR"
9816646,"10.99EUR"
1698475,"10.99EUR"
6991515,"2.29EUR"
159871,"21.99EUR"
9938980,"2.29EUR"
864953,"2.29EUR"
1071128,"2.29EUR"
9410403,"10.99EUR"
9483659,"10.99EUR"
45698,"10.99EUR"
4625054,"21.99EUR"
4426887,"2.29EUR"
3237174,"2.29EUR"
2526170,"21.99EUR"
5094952,"10.99EUR"
8481731,"2.29EUR"
1045169,"21.99EUR"
1495670,"109.99EUR"
6313965,"2.29EUR"
3239701,"10.99EUR"
7489164,"21.99EUR"
6374867,"2.29EUR"
1760265,"10.99EUR"
864953,"10.99EUR"
8359563,"10.99EUR"
6342774,"2.29EUR"
7489164,"2.29EUR"
6909066,"2.29EUR"
8848457,"10.99EUR"
864953,"10.99EUR"
2315481,"21.99EUR"
2315481,"21.99EUR"
613782,"2.29EUR"
1495670,"2.29EUR"
9853197,"2.29EUR"
550581,"10.99EUR"
6914030,"21.99EUR"
1056410,"10.99EUR"
864953,"2.29EUR"
3857388,"2.29EUR"
9272438,"10.99EUR"
8375877,"54.99EUR"
7601127,"10.99EUR"
1407999,"2.29EUR"
4124082,"21.99EUR"
6991515,"54.99EUR"
9778364,"10.99EUR"
268946,"2.29EUR"
8172084,"21.99EUR"
6066273,"21.99EUR"
1045169,"10.99EUR"
9436157,"2.29EUR"
643015,"10.99EUR"
277023,"21.99EUR"
7064575,"2.29EUR"
8276338,"21.99EUR"
1781985,"109.99EUR"
3229296,"2.29EUR"
7877722,"2.29EUR"
1071128,"21.99EUR"
4200856,"10.99EUR"
1259932,"54.99EUR"
1932422,"2.29EUR"
1218527,"10.99EUR"
1029645,"2.29EUR"
3425367,"10.99EUR"
8219192,"2.29EUR"
5103040,"10.99EUR"
1495670,"21.99EUR"
1763807,"10.99EUR"
6998491,"10.99EUR"
8038667,"21.99EUR"
8288691,"10.99EUR"
2746054,"21.99EUR"
1232741,"10.99EUR"
9938980,"2.29EUR"
844618,"2.29EUR"
9816646,"21.99EUR"
317884,"2.29EUR"
2150877,"2.29EUR"
8195632,"2.29EUR"
8868912,"2.29EUR"
52100,"2.29EUR"
3593062,"10.99EUR"
3081298,"2.29EUR"
1259932,"10.99EUR"
895411,"21.99EUR"
2942276,"21.99EUR"
5846084,"2.29EUR"
3023236,"2.29EUR"
26083,"21.99EUR"
8270888,"10.99EUR"
3082623,"2.29EUR"
3593062,"10.99EUR"
2579169,"21.99EUR"
6066273,"21.99EUR"
3997030,"2.29EUR"
3639991,"2.29EUR"
4557454,"10.99EUR"
2282860,"10.99EUR"
9665892,"10.99EUR"
6378743,"2.29EUR"
9784981,"2.29EUR"
5798943,"2.29EUR"
4390164,"10.99EUR"
633072,"2.29EUR"
4573108,"2.29EUR"
6438242,"21.99EUR"
1381459,"2.29EUR"
1557018,"21.99EUR"
9682396,"21.99EUR"
1771450,"2.29EUR"
7604578,"2.29EUR"
4269984,"21.99EUR"
269182,"2.29EUR"
3023236,"2.29EUR"
2105277,"10.99EUR"
4436950,"2.29EUR"
1495670,"10.99EUR"
8499380,"2.29EUR"
231622,"2.29EUR"
9905648,"21.99EUR"
7387262,"54.99EUR"
8109427,"10.99EUR"
680376,"10.99EUR"
6667511,"2.29EUR"
4055903,"2.29EUR"
3997030,"2.29EUR"
2315481,"10.99EUR"
26083,"2.29EUR"
8528948,"10.99EUR"
5241554,"2.29EUR"
3023236,"21.99EUR"
1095490,"54.99EUR"
173708,"2.29EUR"
7489164,"109.99EUR"
2579169,"2.29EUR"
5821621,"21.99EUR"
9342670,"54.99EUR"
9665892,"109.99EUR"
7476311,"10.99EUR"
4417520,"10.99EUR"
317884,"21.99EUR"
8542347,"2.29EUR"
1271121,"10.99EUR"
495051,"2.29EUR"
4269984,"10.99EUR"
45698,"2.29EUR"
1625192,"2.29EUR"
7912651,"2.29EUR"
8937703,"54.99EUR"
864953,"21.99EUR"
8304977,"2.29EUR"
6996466,"2.29EUR"
7263560,"21.99EUR"
9255701,"10.99EUR"
4604331,"2.29EUR"
6052332,"2.29EUR"
9938980,"2.29EUR"
1625192,"21.99EUR"
9435768,"54.99EUR"
3771481,"54.99EUR"
1056410,"2.29EUR"
9938980,"54.99EUR"
8038667,"21.99EUR"
7699053,"2.29EUR"
9888855,"2.29EUR"
1558187,"10.99EUR"
1381459,"10.99EUR"
6066273,"2.29EUR"
1606123,"21.99EUR"
4426887,"21.99EUR"
3837980,"2.29EUR"
4194841,"2.29EUR"
268946,"2.29EUR"
4568083,"2.29EUR"
9637000,"2.29EUR"
526419,"2.29EUR"
3956556,"2.29EUR"
9272438,"10.99EUR"
3237174,"2.29EUR"
8804668,"2.29EUR"
6115626,"54.99EUR"
2356078,"2.29EUR"
6991515,"10.99EUR"
613782,"2.29EUR"
613782,"2.29EUR"
1141788,"10.99EUR"
7597410,"2.29EUR"
909339,"54.99EUR"
9875088,"2.29EUR"
6874712,"10.99EUR"
5734688,"10.99EUR"
4993000,"21.99EUR"
8686506,"10.99EUR"
1020221,"10.99EUR"
1495670,"10.99EUR"
2342520,"2.29EUR"
6784796,"21.99EUR"
7763319,"10.99EUR"
7740125,"2.29EUR"
6066273,"10.99EUR"
8241906,"2.29EUR"
691288,"10.99EUR"
9651282,"10.99EUR"
2059970,"54.99EUR"
7740125,"2.29EUR"
6342774,"2.29EUR"
8502069,"21.99EUR"
7476311,"2.29EUR"
1557018,"21.99EUR"
9272438,"2.29EUR"
7473331,"10.99EUR"
3054530,"2.29EUR"
1071128,"10.99EUR"
6570905,"10.99EUR"
1133249,"21.99EUR"
1381459,"10.99EUR"
8852443,"10.99EUR"
4319476,"2.29EUR"
7204951,"2.29EUR"
384453,"21.99EUR"
8686506,"2.29EUR"
2746054,"2.29EUR"
6052332,"10.99EUR"
2098970,"2.29EUR"
7069181,"21.99EUR"
3023236,"2.29EUR"
7473331,"2.29EUR"
8305517,"109.99EUR"
6445892,"21.99EUR"
8196805,"2.29EUR"
2678832,"2.29EUR"
8142861,"10.99EUR"
4200856,"2.29EUR"
417699,"2.29EUR"
9986314,"2.29EUR"
6508027,"10.99EUR"
6130365,"10.99EUR"
7601127,"2.29EUR"
4244100,"2.29EUR"
3297622,"2.29EUR"
3724450,"2.29EUR"
4897111,"21.99EUR"
4993000,"10.99EUR"
6914030,"10.99EUR"
6784796,"21.99EUR"
124379,"10.99EUR"
9385798,"21.99EUR"
9488574,"10.99EUR"
268946,"2.29EUR"
6773715,"10.99EUR"
1760265,"10.99EUR"
6316123,"10.99EUR"
3872329,"2.29EUR"
5857444,"10.99EUR"
6538406,"21.99EUR"
7432538,"54.99EUR"
8641084,"2.29EUR"
8020209,"21.99EUR"
1218527,"21.99EUR"
8007106,"2.29EUR"
8348013,"10.99EUR"
6534794,"21.99EUR"
45698,"21.99EUR"
844618,"2.29EUR"
8524603,"2.29EUR"
3997030,"21.99EUR"
1781985,"2.29EUR"
2196413,"2.29EUR"
2579169,"10.99EUR"
6108729,"2.29EUR"
7604578,"2.29EUR"
2288156,"10.99EUR"
2976635,"2.29EUR"
3185587,"21.99EUR"
3559799,"10.99EUR"
9483659,"2.29EUR"
7894347,"10.99EUR"
643015,"21.99EUR"
1011310,"2.29EUR"
8479994,"2.29EUR"
7368719,"2.29EUR"
3054530,"10.99EUR"
643015,"10.99EUR"
6773715,"10.99EUR"
8288691,"2.29EUR"
3185587,"2.29EUR"
9853197,"10.99EUR"
5100944,"2.29EUR"
3464635,"2.29EUR"
8882567,"10.99EUR"
7892216,"10.99EUR"
6723230,"10.99EUR"
1672017,"10.99EUR"
3501221,"2.29EUR"
864953,"2.29EUR"
1071128,"21.99EUR"
3237174,"2.29EUR"
3646010,"21.99EUR"
1071128,"10.99EUR"
2780970,"2.29EUR"
8304977,"2.29EUR"
613782,"2.29EUR"
5583035,"2.29EUR"
9665892,"21.99EUR"
4368721,"10.99EUR"
1781985,"21.99EUR"
8671152,"21.99EUR"
4557454,"10.99EUR"
4368721,"21.99EUR"
7489164,"21.99EUR"
7663436,"2.29EUR"
268946,"54.99EUR"
8429621,"2.29EUR"
7342055,"109.99EUR"
3332752,"2.29EUR"
1381459,"10.99EUR"
829861,"54.99EUR"
9491204,"10.99EUR"
9568606,"54.99EUR"
1760265,"2.29EUR"
7806038,"10.99EUR"
1020221,"2.29EUR"
6330134,"21.99EUR"
6342774,"10.99EUR"
1363026,"10.99EUR"
7788255,"2.29EUR"
4196315,"10.99EUR"
2445621,"10.99EUR"
4876550,"10.99EUR"
7445592,"2.29EUR"
844618,"2.29EUR"
2801559,"21.99EUR"
6605253,"10.99EUR"
5316594,"2.29EUR"
6066273,"21.99EUR"
829861,"21.99EUR"
9709680,"10.99EUR"
6914030,"2.29EUR"
8429621,"21.99EUR"
1259932,"2.29EUR"
3613577,"10.99EUR"
3237174,"2.29EUR"
3872329,"2.29EUR"
5210677,"10.99EUR"
3173200,"10.99EUR"
8555727,"2.29EUR"
8528948,"21.99EUR"
5607226,"10.99EUR"
1781985,"10.99EUR"
228723,"2.29EUR"
3112789,"21.99EUR"
2279849,"10.99EUR"
6230120,"21.99EUR"
4055903,"109.99EUR"
1559632,"10.99EUR"
317884,"2.29EUR"
1381459,"109.99EUR"
4244100,"54.99EUR"
2259220,"2.29EUR"
7496880,"10.99EUR"
1857845,"21.99EUR"
2259220,"54.99EUR"
7628703,"10.99EUR"
4573108,"2.29EUR"
5755169,"21.99EUR"
691288,"21.99EUR"
6773715,"2.29EUR"
7195086,"2.29EUR"
2779523,"21.99EUR"
3237174,"2.29EUR"
9038656,"2.29EUR"
8804668,"21.99EUR"
5289541,"21.99EUR"
864953,"2.29EUR"
7230585,"2.29EUR"
9037570,"2.29EUR"
104999,"2.29EUR"
7204951,"109.99EUR"
7699053,"21.99EUR"
3612433,"10.99EUR"
3581616,"10.99EUR"
7810642,"10.99EUR"
8241906,"10.99EUR"
3997030,"10.99EUR"
5846084,"21.99EUR"
2995963,"2.29EUR"
7894347,"21.99EUR"
3536465,"2.29EUR"
9201521,"10.99EUR"
474240,"2.29EUR"
1071128,"10.99EUR"
8555727,"54.99EUR"
5956873,"10.99EUR"
6330134,"21.99EUR"
4410772,"2.29EUR"
1461749,"10.99EUR"
495051,"2.29EUR"
7740125,"54.99EUR"
6445892,"2.29EUR"
315950,"21.99EUR"
3297622,"2.29EUR"
9459288,"2.29EUR"
6313965,"2.29EUR"
1071128,"10.99EUR"
1682200,"21.99EUR"
4163950,"10.99EUR"
542871,"21.99EUR"
5286275,"2.29EUR"
2579169,"21.99EUR"
6769438,"2.29EUR"
2332395,"2.29EUR"
8804668,"2.29EUR"
7894347,"10.99EUR"
6975227,"2.29EUR"
4697130,"2.29EUR"
8305517,"10.99EUR"
1197089,"21.99EUR"
3501221,"10.99EUR"
5656294,"2.29EUR"
1259932,"21.99EUR"
4170634,"21.99EUR"
613782,"21.99EUR"
7788255,"2.29EUR"
9665236,"2.29EUR"
6445892,"10.99EUR"
474240,"2.29EUR"
2220466,"21.99EUR"
6127600,"10.99EUR"
2196413,"54.99EUR"
9853197,"2.29EUR"
495051,"2.29EUR"
7929886,"21.99EUR"
1351152,"21.99EUR"
7877722,"21.99EUR"
3428596,"21.99EUR"
1381459,"2.29EUR"
4993000,"10.99EUR"
8288691,"2.29EUR"
8485861,"2.29EUR"
8524603,"10.99EUR"
4368721,"2.29EUR"
5210677,"109.99EUR"
9488574,"109.99EUR"
9778364,"2.29EUR"
5704515,"2.29EUR"
4319476,"10.99EUR"
1076972,"2.29EUR"
8972655,"2.29EUR"
1461749,"21.99EUR"
9778364,"2.29EUR"
8121195,"2.29EUR"
7740125,"2.29EUR"
9483659,"54.99EUR"
8195632,"2.29EUR"
5640207,"2.29EUR"
8528948,"54.99EUR"
2824911,"2.29EUR"
6230120,"2.29EUR"
141163,"2.29EUR"
6052332,"2.29EUR"
6349525,"54.99EUR"
8007106,"2.29EUR"
864953,"54.99EUR"
2098970,"10.99EUR"
7749011,"21.99EUR"
8555727,"21.99EUR"
6230120,"2.29EUR"
8304977,"2.29EUR"
45698,"54.99EUR"
1381459,"10.99EUR"
7810642,"21.99EUR"
9272438,"2.29EUR"
463347,"10.99EUR"
268946,"21.99EUR"
7239011,"10.99EUR"
4557454,"10.99EUR"
2824911,"54.99EUR"
6230120,"2.29EUR"
8038667,"2.29EUR"
4883081,"2.29EUR"
5607226,"2.29EUR"
8555727,"2.29EUR"
1071128,"21.99EUR"
8524603,"2.29EUR"
3082623,"2.29EUR"
741857,"2.29EUR"
3771481,"10.99EUR"
966055,"2.29EUR"
1425691,"21.99EUR"
3023236,"2.29EUR"
236837,"2.29EUR"
2196413,"2.29EUR"
6773715,"2.29EUR"
6534794,"54.99EUR"
3275319,"2.29EUR"
1227615,"2.29EUR"
6836301,"2.29EUR"
3690150,"2.29EUR"
8592182,"54.99EUR"
8429621,"2.29EUR"
6393484,"10.99EUR"
9900264,"21.99EUR"
3185587,"2.29EUR"
5904164,"109.99EUR"
1071128,"10.99EUR"
8941554,"21.99EUR"
8020209,"2.29EUR"
7851617,"21.99EUR"
6538406,"2.29EUR"
6066273,"2.29EUR"
8328407,"2.29EUR"
9544965,"2.29EUR"
1141788,"10.99EUR"
3905139,"2.29EUR"
3325029,"21.99EUR"
8555727,"2.29EUR"
228723,"2.29EUR"
9651282,"21.99EUR"
3593062,"21.99EUR"
6454347,"2.29EUR"
3239701,"10.99EUR"
6773715,"2.29EUR"
641545,"10.99EUR"
2801559,"10.99EUR"
2749949,"21.99EUR"
2526170,"10.99EUR"
45698,"2.29EUR"
4194841,"2.29EUR"
435493,"2.29EUR"
6442594,"21.99EUR"
7740125,"2.29EUR"
8276338,"2.29EUR"
6066273,"21.99EUR"
6538406,"-10.99EUR"
9938980,"21.99EUR"
9605291,"10.99EUR"
2382641,"10.99EUR"
4210827,"10.99EUR"
6258571,"2.29EUR"
6342774,"21.99EUR"
2994433,"21.99EUR"
5316594,"54.99EUR"
4846776,"10.99EUR"
1071128,"2.29EUR"
8057830,"10.99EUR"
1381459,"2.29EUR"
1381459,"2.29EUR"
4426887,"2.29EUR"
2817782,"21.99EUR"
6066273,"10.99EUR"
4860875,"21.99EUR"
4172111,"10.99EUR"
6445892,"2.29EUR"
4557454,"2.29EUR"
6991515,"21.99EUR"
45698,"2.29EUR"
2749949,"54.99EUR"
9491204,"2.29EUR"
4319476,"10.99EUR"
3729361,"2.29EUR"
3879648,"10.99EUR"
6914030,"2.29EUR"
6052332,"109.99EUR"
4883081,"2.29EUR"
2845023,"21.99EUR"
1233033,"10.99EUR"
6836301,"2.29EUR"
5651184,"10.99EUR"
3612433,"21.99EUR"
1141788,"21.99EUR"
691288,"10.99EUR"
2749949,"10.99EUR"
7699053,"109.99EUR"
8804668,"21.99EUR"
1781985,"2.29EUR"
3023236,"54.99EUR"
5100944,"10.99EUR"
8852443,"21.99EUR"
1381459,"54.99EUR"
2109502,"2.29EUR"
3501221,"2.29EUR"
8533705,"10.99EUR"
6030181,"2.29EUR"
8848457,"109.99EUR"
9571407,"2.29EUR"
7471081,"2.29EUR"
8496936,"2.29EUR"
3023236,"10.99EUR"
8172084,"10.99EUR"
2560575,"2.29EUR"
6135680,"10.99EUR"
7877722,"2.29EUR"
4438679,"2.29EUR"
3239701,"21.99EUR"
6071846,"2.29EUR"
4604331,"21.99EUR"
8431493,"2.29EUR"
9637000,"21.99EUR"
9219822,"2.29EUR"
6216125,"2.29EUR"
8121195,"54.99EUR"
4271040,"2.29EUR"
8276338,"10.99EUR"
2259220,"2.29EUR"
3891333,"10.99EUR"
2735507,"2.29EUR"
6120975,"21.99EUR"
5756118,"10.99EUR"
7699053,"54.99EUR"
3720018,"2.29EUR"
1698475,"10.99EUR"
268946,"21.99EUR"
6407872,"2.29EUR"
3879648,"2.29EUR"
4271040,"2.29EUR"
5547744,"2.29EUR"
9665892,"21.99EUR"
2315481,"2.29EUR"
2315481,"2.29EUR"
1860969,"2.29EUR"
2723624,"10.99EUR"
8038667,"2.29EUR"
9709680,"10.99EUR"
8057235,"10.99EUR"
2670552,"2.29EUR"
7101783,"2.29EUR"
8418957,"21.99EUR"
4244100,"2.29EUR"
7604158,"10.99EUR"
6784796,"54.99EUR"
6445892,"2.29EUR"
1086634,"2.29EUR"
2774926,"2.29EUR"
2600726,"2.29EUR"
9667422,"21.99EUR"
7750446,"10.99EUR"
6623944,"2.29EUR"
228723,"10.99EUR"
9709680,"2.29EUR"
7476311,"2.29EUR"
864953,"2.29EUR"
8038667,"10.99EUR"
269182,"2.29EUR"
4124082,"2.29EUR"
6071846,"10.99EUR"
8617158,"2.29EUR"
1395578,"2.29EUR"
953269,"2.29EUR"
4691712,"10.99EUR"
2502130,"2.29EUR"
8305517,"2.29EUR"
3536465,"2.29EUR"
3536465,"109.99EUR"
474240,"2.29EUR"
7584341,"10.99EUR"
8305517,"21.99EUR"
3593062,"10.99EUR"
1071128,"21.99EUR"
3891333,"109.99EUR"
550581,"2.29EUR"
3613577,"10.99EUR"
2105277,"2.29EUR"
8042514,"2.29EUR"
1557018,"2.29EUR"
386608,"10.99EUR"
7601127,"2.29EUR"
2749949,"10.99EUR"
7549333,"2.29EUR"
4319476,"2.29EUR"
5908146,"10.99EUR"
2123404,"10.99EUR"
3057290,"2.29EUR"
269182,"2.29EUR"
2746054,"21.99EUR"
4672779,"21.99EUR"
7223798,"10.99EUR"
4604331,"10.99EUR"
4271040,"2.29EUR"
3082623,"2.29EUR"
7806038,"10.99EUR"
3905139,"10.99EUR"
9446313,"10.99EUR"
9038656,"10.99EUR"
4474571,"2.29EUR"
8941554,"10.99EUR"
1495670,"10.99EUR"
1049758,"10.99EUR"
8241906,"2.29EUR"
8429621,"21.99EUR"
4170634,"2.29EUR"
1495670,"54.99EUR"
3536465,"21.99EUR"
9488574,"2.29EUR"
6066273,"10.99EUR"
6066273,"10.99EUR"
1395578,"2.29EUR"
6795241,"2.29EUR"
7204951,"10.99EUR"
9571407,"54.99EUR"
8502069,"2.29EUR"
9690596,"10.99EUR"
4039844,"2.29EUR"
5179892,"2.29EUR"
869618,"21.99EUR"
4436950,"10.99EUR"
5088496,"2.29EUR"
5448406,"10.99EUR"
9936321,"10.99EUR"
4170634,"2.29EUR"
3536465,"2.29EUR"
7230585,"2.29EUR"
1086634,"2.29EUR"
2356078,"21.99EUR"
1744280,"21.99EUR"
6914030,"10.99EUR"
6836301,"10.99EUR"
6596796,"2.29EUR"
864953,"2.29EUR"
8348013,"2.29EUR"
7025127,"2.29EUR"
3237174,"2.29EUR"
8790100,"2.29EUR"
9862744,"2.29EUR"
1071128,"2.29EUR"
7489164,"10.99EUR"
3501221,"2.29EUR"
5846084,"2.29EUR"
5904164,"10.99EUR"
6032126,"2.29EUR"
7476311,"10.99EUR"
3297622,"21.99EUR"
1781985,"2.29EUR"
1771450,"21.99EUR"
1558187,"21.99EUR"
124379,"2.29EUR"
3997030,"2.29EUR"
6784796,"109.99EUR"
4368721,"2.29EUR"
9637000,"2.29EUR"
3879648,"21.99EUR"
3054530,"2.29EUR"
2749949,"2.29EUR"
832227,"2.29EUR"
45698,"2.29EUR"
2579169,"10.99EUR"
6861759,"2.29EUR"
1086634,"21.99EUR"
2817782,"2.29EUR"
2600726,"2.29EUR"
633072,"10.99EUR"
6667511,"109.99EUR"
8219192,"21.99EUR"
2107306,"21.99EUR"
2734372,"21.99EUR"
6667511,"10.99EUR"
4368721,"2.29EUR"
8555727,"109.99EUR"
7663436,"54.99EUR"
474240,"10.99EUR"
2445621,"2.29EUR"
2315481,"2.29EUR"
6108729,"10.99EUR"
2976635,"10.99EUR"
3297622,"2.29EUR"
8682610,"10.99EUR"
1141788,"2.29EUR"
3332752,"21.99EUR"
932664,"2.29EUR"
9938980,"2.29EUR"
9793515,"10.99EUR"
1363026,"2.29EUR"
4368721,"2.29EUR"
386608,"109.99EUR"
6836301,"2.29EUR"
5734688,"2.29EUR"
5268963,"21.99EUR"
7626542,"10.99EUR"
104999,"21.99EUR"
4410772,"21.99EUR"
7656145,"10.99EUR"
3332752,"2.29EUR"
3737719,"10.99EUR"
1190720,"10.99EUR"
2591909,"21.99EUR"
3593062,"2.29EUR"
4897111,"2.29EUR"
4763998,"10.99EUR"
6667511,"21.99EUR"
5693678,"2.29EUR"
4124082,"2.29EUR"
7282215,"21.99EUR"
6066273,"2.29EUR"
9286145,"109.99EUR"
3459407,"21.99EUR"
8848457,"2.29EUR"
8478133,"54.99EUR"
1381459,"2.29EUR"
2196413,"2.29EUR"
3501221,"2.29EUR"
1904622,"54.99EUR"
5103040,"10.99EUR"
9272438,"10.99EUR"
8902009,"2.29EUR"
3837980,"10.99EUR"
9778364,"10.99EUR"
1117143,"2.29EUR"
9255701,"10.99EUR"
8443208,"10.99EUR"
8359563,"2.29EUR"
9862744,"2.29EUR"
3486585,"21.99EUR"
5012700,"21.99EUR"
9910963,"2.29EUR"
8004071,"21.99EUR"
3464635,"2.29EUR"
8855157,"2.29EUR"
299533,"2.29EUR"
7699053,"2.29EUR"
4210827,"10.99EUR"
3082623,"21.99EUR"
3620036,"10.99EUR"
3771481,"2.29EUR"
7427454,"10.99EUR"
317884,"2.29EUR"
1071128,"21.99EUR"
8478133,"10.99EUR"
6066273,"21.99EUR"
9690596,"10.99EUR"
27849,"-21.99EUR"
3612433,"2.29EUR"
3022494,"10.99EUR"
3332752,"2.29EUR"
5903111,"10.99EUR"
3997030,"2.29EUR"
6438242,"10.99EUR"
9651282,"10.99EUR"
173708,"54.99EUR"
4604331,"2.29EUR"
2333523,"54.99EUR"
9514126,"54.99EUR"
8551685,"10.99EUR"
1625192,"10.99EUR"
1397658,"2.29EUR"
3891333,"2.29EUR"
6071846,"2.29EUR"
45698,"10.99EUR"
8868912,"10.99EUR"
3112789,"21.99EUR"
1384736,"21.99EUR"
3237174,"54.99EUR"
8121195,"10.99EUR"
8599957,"10.99EUR"
8533705,"10.99EUR"
3879648,"2.29EUR"
6126555,"2.29EUR"
8440602,"21.99EUR"
3607444,"2.29EUR"
7799947,"2.29EUR"
3082623,"10.99EUR"
7740125,"2.29EUR"
6446248,"10.99EUR"
3023236,"54.99EUR"
3082623,"10.99EUR"
104999,"21.99EUR"
3407964,"2.29EUR"
9234713,"2.29EUR"
7577155,"2.29EUR"
9789902,"10.99EUR"
8328407,"2.29EUR"
3250309,"2.29EUR"
4707858,"2.29EUR"
8682610,"21.99EUR"
8038667,"2.29EUR"
495051,"10.99EUR"
643015,"2.29EUR"
4244100,"21.99EUR"
6712840,"10.99EUR"
5704515,"2.29EUR"
9234713,"21.99EUR"
7549333,"2.29EUR"
6570905,"109.99EUR"
7129494,"2.29EUR"
1744280,"54.99EUR"
6653474,"10.99EUR"
3206340,"10.99EUR"
2105277,"10.99EUR"
2817782,"2.29EUR"
2824911,"2.29EUR"
4390164,"21.99EUR"
909339,"21.99EUR"
1071128,"21.99EUR"
3112789,"10.99EUR"
9900264,"2.29EUR"
5925833,"2.29EUR"
864953,"2.29EUR"
759915,"21.99EUR"
6784796,"2.29EUR"
3023236,"2.29EUR"
6032126,"2.29EUR"
1071184,"2.29EUR"
9690596,"2.29EUR"
7877722,"2.29EUR"
1127729,"109.99EUR"
1141788,"10.99EUR"
3997030,"2.29EUR"
6741983,"10.99EUR"
3113630,"2.29EUR"
4914115,"2.29EUR"
495051,"54.99EUR"
6848534,"2.29EUR"
4210827,"2.29EUR"
7142802,"2.29EUR"
7387262,"2.29EUR"
9952208,"2.29EUR"
6230120,"21.99EUR"
5962930,"10.99EUR"
8804668,"10.99EUR"
9665892,"10.99EUR"
6349525,"10.99EUR"
8555727,"2.29EUR"
3113630,"2.29EUR"
5272390,"10.99EUR"
3112789,"10.99EUR"
1070450,"2.29EUR"
4269984,"54.99EUR"
1141788,"2.29EUR"
550581,"54.99EUR"
2749949,"10.99EUR"
1049758,"2.29EUR"
3747333,"10.99EUR"
1557018,"21.99EUR"
8910359,"54.99EUR"
9816646,"2.29EUR"
6108729,"10.99EUR"
7430333,"2.29EUR"
5886162,"2.29EUR"
7195086,"2.29EUR"
4244100,"21.99EUR"
2382641,"2.29EUR"
9998576,"2.29EUR"
5600645,"2.29EUR"
4741783,"109.99EUR"
976971,"21.99EUR"
4344924,"21.99EUR"
4914115,"2.29EUR"
3997030,"2.29EUR"
1559632,"2.29EUR"
7473331,"21.99EUR"
9789902,"2.29EUR"
5547744,"2.29EUR"
2196413,"109.99EUR"
6327414,"10.99EUR"
9459288,"21.99EUR"
9491204,"54.99EUR"
6848534,"21.99EUR"
1381459,"10.99EUR"
1259932,"2.29EUR"
3593062,"2.29EUR"
9173755,"54.99EUR"
9900264,"10.99EUR"
5756118,"10.99EUR"
8109427,"54.99EUR"
6438242,"2.29EUR"
268946,"10.99EUR"
4993000,"10.99EUR"
8902009,"2.29EUR"
1763807,"21.99EUR"
6115626,"2.29EUR"
856690,"109.99EUR"
6991515,"10.99EUR"
1259932,"21.99EUR"
1071184,"10.99EUR"
6784796,"10.99EUR"
9491204,"2.29EUR"
856690,"21.99EUR"
1698475,"2.29EUR"
1071128,"2.29EUR"
4557454,"109.99EUR"
4495065,"109.99EUR"
1250389,"109.99EUR"
3956556,"10.99EUR"
5704515,"21.99EUR"
315950,"21.99EUR"
4697130,"2.29EUR"
4271040,"21.99EUR"
9037570,"2.29EUR"
2356078,"2.29EUR"
9069174,"2.29EUR"
8599957,"21.99EUR"
1113327,"10.99EUR"
6327414,"54.99EUR"
6327414,"21.99EUR"
3593062,"21.99EUR"
4918795,"54.99EUR"
9651282,"2.29EUR"
7810642,"-2.29EUR"
864953,"2.29EUR"
104999,"10.99EUR"
2356078,"2.29EUR"
8007106,"10.99EUR"
6874712,"10.99EUR"
7663436,"54.99EUR"
864953,"10.99EUR"
3731141,"10.99EUR"
6667511,"54.99EUR"
4319476,"109.99EUR"
26083,"21.99EUR"
1232741,"10.99EUR"
1557018,"10.99EUR"
8790100,"21.99EUR"
2735507,"2.29EUR"
4742196,"10.99EUR"
3195119,"2.29EUR"
2315481,"21.99EUR"
9342670,"2.29EUR"
6313965,"2.29EUR"
2332395,"10.99EUR"
5100944,"109.99EUR"
5100944,"21.99EUR"
8375877,"10.99EUR"
9635755,"21.99EUR"
2315481,"2.29EUR"
2315481,"2.29EUR"
9789902,"2.29EUR"
7204951,"10.99EUR"
45698,"54.99EUR"
8804668,"10.99EUR"
9888855,"10.99EUR"
864953,"10.99EUR"
104999,"21.99EUR"
4319476,"109.99EUR"
691288,"2.29EUR"
7775672,"10.99EUR"
3891333,"2.29EUR"
6066273,"10.99EUR"
5040182,"2.29EUR"
1177780,"2.29EUR"
3593062,"21.99EUR"
2196413,"10.99EUR"
6991515,"2.29EUR"
159871,"10.99EUR"
6067008,"2.29EUR"
6454347,"2.29EUR"
6615247,"21.99EUR"
7672204,"2.29EUR"
2994433,"10.99EUR"
2125525,"2.29EUR"
9483659,"10.99EUR"
7230585,"10.99EUR"
3536465,"2.29EUR"
3185587,"10.99EUR"
2746054,"2.29EUR"
7767027,"2.29EUR"
9793515,"2.29EUR"
8533705,"21.99EUR"
3593062,"2.29EUR"
8348013,"2.29EUR"
6327414,"21.99EUR"
7427454,"21.99EUR"
1363026,"2.29EUR"
9491585,"2.29EUR"
45698,"2.29EUR"
8038667,"10.99EUR"
9146035,"10.99EUR"
9146035,"2.29EUR"
9791972,"10.99EUR"
1133249,"54.99EUR"
8249656,"2.29EUR"
5821621,"21.99EUR"
856690,"21.99EUR"
691288,"10.99EUR"
7749011,"21.99EUR"
4598972,"2.29EUR"
5640207,"2.29EUR"
3383172,"10.99EUR"
1381459,"10.99EUR"
3235704,"2.29EUR"
2441819,"21.99EUR"
2735507,"2.29EUR"
1071184,"21.99EUR"
8599957,"2.29EUR"
8555727,"10.99EUR"
8533705,"2.29EUR"
3613577,"21.99EUR"
5692150,"2.29EUR"
6454347,"10.99EUR"
984436,"21.99EUR"
4564778,"2.29EUR"
6330134,"10.99EUR"
6349525,"2.29EUR"
45698,"2.29EUR"
1558187,"2.29EUR"
6570905,"2.29EUR"
1381459,"2.29EUR"
3872329,"2.29EUR"
5821621,"2.29EUR"
6874712,"10.99EUR"
759915,"21.99EUR"
8057235,"109.99EUR"
6003376,"2.29EUR"
3857388,"21.99EUR"
9900264,"21.99EUR"
8902009,"10.99EUR"
644908,"2.29EUR"
3383172,"2.29EUR"
3581616,"2.29EUR"
9635755,"2.29EUR"
6667511,"10.99EUR"
2749949,"21.99EUR"
9272438,"2.29EUR"
8528948,"2.29EUR"
4064925,"21.99EUR"
1198496,"2.29EUR"
6365046,"54.99EUR"
7286532,"10.99EUR"
3980920,"10.99EUR"
4897111,"21.99EUR"
9038656,"2.29EUR"
8599957,"2.29EUR"
268946,"10.99EUR"
8542347,"10.99EUR"
3558570,"2.29EUR"
1117143,"10.99EUR"
5241554,"10.99EUR"
3082623,"21.99EUR"
829861,"2.29EUR"
4993000,"10.99EUR"
6365046,"21.99EUR"
4520146,"54.99EUR"
5788477,"2.29EUR"
474240,"10.99EUR"
6114714,"2.29EUR"
8431493,"2.29EUR"
8543125,"21.99EUR"
8682610,"2.29EUR"
4897111,"2.29EUR"
7877722,"2.29EUR"
4055903,"10.99EUR"
2333523,"21.99EUR"
2749949,"54.99EUR"
9651282,"2.29EUR"
7015344,"10.99EUR"
1744280,"10.99EUR"
2279849,"2.29EUR"
8172084,"2.29EUR"
5846084,"21.99EUR"
626857,"2.29EUR"
8411124,"2.29EUR"
3239701,"10.99EUR"
9272438,"2.29EUR"
641545,"10.99EUR"
1117143,"21.99EUR"
3237174,"21.99EUR"
231622,"2.29EUR"
268946,"21.99EUR"
9655131,"2.29EUR"
1141788,"10.99EUR"
8555727,"10.99EUR"
1259932,"-21.99EUR"
6784796,"2.29EUR"
1086634,"2.29EUR"
9201521,"10.99EUR"
2526170,"10.99EUR"
8528948,"2.29EUR"
3837980,"2.29EUR"
3612433,"54.99EUR"
45698,"2.29EUR"
6032126,"10.99EUR"
6258280,"10.99EUR"
2332395,"21.99EUR"
435493,"2.29EUR"
8502069,"2.29EUR"
1049758,"10.99EUR"
8305517,"2.29EUR"
4495065,"21.99EUR"
3486585,"109.99EUR"
6828190,"2.29EUR"
2356078,"2.29EUR"
5957287,"2.29EUR"
1557018,"21.99EUR"
2315481,"109.99EUR"
3325029,"10.99EUR"
2315481,"54.99EUR"
9938980,"10.99EUR"
4271040,"2.29EUR"
6991515,"10.99EUR"
1218527,"10.99EUR"
9491204,"21.99EUR"
1071128,"2.29EUR"
5583035,"21.99EUR"
8533705,"10.99EUR"
2526170,"109.99EUR"
2059970,"10.99EUR"
1011310,"21.99EUR"
1141788,"21.99EUR"
1495670,"21.99EUR"
9255701,"2.29EUR"
3118622,"2.29EUR"
6327414,"10.99EUR"
6914030,"10.99EUR"
173708,"2.29EUR"
3080597,"10.99EUR"
1558187,"10.99EUR"
9038656,"2.29EUR"
7476311,"10.99EUR"
5985303,"2.29EUR"
2648347,"109.99EUR"
3526341,"2.29EUR"
3239701,"2.29EUR"
9146035,"10.99EUR"
2577655,"2.29EUR"
1744280,"2.29EUR"
2577655,"2.29EUR"
3786416,"2.29EUR"
6342774,"2.29EUR"
7740125,"10.99EUR"
1495670,"2.29EUR"
1056410,"10.99EUR"
4200856,"10.99EUR"
7134962,"2.29EUR"
9635755,"10.99EUR"
6445892,"2.29EUR"
8411124,"2.29EUR"
7213430,"2.29EUR"
6327414,"2.29EUR"
8431493,"10.99EUR"
3657460,"2.29EUR"
6534619,"2.29EUR"
9558688,"10.99EUR"
6991515,"109.99EUR"
4627186,"2.29EUR"
643015,"2.29EUR"
9146035,"54.99EUR"
1781985,"2.29EUR"
9655131,"109.99EUR"
3536465,"21.99EUR"
6623944,"10.99EUR"
3593062,"10.99EUR"
4086249,"10.99EUR"
8848457,"10.99EUR"
2196413,"21.99EUR"
6667511,"109.99EUR"
3771481,"2.29EUR"
45698,"2.29EUR"
5704515,"10.99EUR"
8057100,"54.99EUR"
3441096,"2.29EUR"
4081823,"2.29EUR"
2749949,"109.99EUR"
2995963,"2.29EUR"
7471081,"10.99EUR"
5704515,"2.29EUR"
2196413,"2.29EUR"
9005507,"2.29EUR"
3239701,"2.29EUR"
3771481,"10.99EUR"
8524603,"10.99EUR"
5903111,"2.29EUR"
1744280,"2.29EUR"
6438242,"2.29EUR"
3879648,"10.99EUR"
8348013,"10.99EUR"
9651282,"2.29EUR"
2315481,"2.29EUR"
3112789,"2.29EUR"
3612433,"2.29EUR"
7699053,"2.29EUR"
6330134,"2.29EUR"
1495670,"2.29EUR"
1714732,"10.99EUR"
6835840,"10.99EUR"
643015,"10.99EUR"
7473331,"2.29EUR"
6230120,"2.29EUR"
2315481,"21.99EUR"
3593062,"2.29EUR"
6667511,"21.99EUR"
2845023,"2.29EUR"
626857,"2.29EUR"
2356078,"21.99EUR"
9888855,"2.29EUR"
2734372,"2.29EUR"
6538406,"10.99EUR"
4717824,"2.29EUR"
9888855,"2.29EUR"
3501221,"2.29EUR"
8429621,"2.29EUR"
6503483,"10.99EUR"
1029645,"109.99EUR"
4520146,"2.29EUR"
1557018,"2.29EUR"
9793515,"2.29EUR"
4244100,"2.29EUR"
550581,"21.99EUR"
8038667,"10.99EUR"
2734372,"54.99EUR"
5765341,"21.99EUR"
4271040,"10.99EUR"
6605253,"2.29EUR"
1016229,"2.29EUR"
2579169,"109.99EUR"
3237174,"2.29EUR"
3237174,"2.29EUR"
4086249,"54.99EUR"
8375345,"10.99EUR"
5210677,"2.29EUR"
4883081,"21.99EUR"
2332395,"21.99EUR"
6534794,"10.99EUR"
7877722,"10.99EUR"
1558187,"2.29EUR"
1117143,"2.29EUR"
189098,"10.99EUR"
6534794,"2.29EUR"
1095490,"2.29EUR"
3536465,"2.29EUR"
2356078,"2.29EUR"
1519717,"21.99EUR"
2824911,"2.29EUR"
4319476,"10.99EUR"
9307923,"10.99EUR"
2496368,"2.29EUR"
3507782,"2.29EUR"
1581907,"21.99EUR"
7015344,"109.99EUR"
9853197,"21.99EUR"
3023236,"10.99EUR"
8429621,"2.29EUR"
1071128,"21.99EUR"
5864282,"21.99EUR"
6605253,"2.29EUR"
1461749,"2.29EUR"
9558688,"10.99EUR"
4244100,"21.99EUR"
2746054,"21.99EUR"
6547773,"10.99EUR"
6667511,"2.29EUR"
829861,"10.99EUR"
4194841,"10.99EUR"
8152659,"10.99EUR"
6773715,"2.29EUR"
268946,"2.29EUR"
7282215,"21.99EUR"
720198,"2.29EUR"
1495670,"2.29EUR"
2749949,"2.29EUR"
6874712,"10.99EUR"
7459825,"21.99EUR"
7099407,"10.99EUR"
7213430,"2.29EUR"
2774926,"10.99EUR"
9272438,"2.29EUR"
5210677,"109.99EUR"
8109427,"2.29EUR"
8804668,"2.29EUR"
3593062,"21.99EUR"
7021224,"21.99EUR"
691288,"10.99EUR"
2107306,"2.29EUR"
1065114,"10.99EUR"
9651282,"10.99EUR"
6349525,"21.99EUR"
3593062,"2.29EUR"
2098970,"10.99EUR"
4614466,"10.99EUR"
1011310,"10.99EUR"
691288,"10.99EUR"
9057444,"10.99EUR"
7788255,"2.29EUR"
417699,"2.29EUR"
8574354,"54.99EUR"
909339,"21.99EUR"
8402121,"10.99EUR"
7597410,"10.99EUR"
9488574,"2.29EUR"
27849,"2.29EUR"
45698,"10.99EUR"
3054530,"10.99EUR"
536008,"21.99EUR"
5651184,"2.29EUR"
1559632,"2.29EUR"
1141788,"2.29EUR"
6773715,"10.99EUR"
4436950,"2.29EUR"
236837,"2.29EUR"
4557454,"10.99EUR"
7459191,"2.29EUR"
4271040,"10.99EUR"
9651282,"21.99EUR"
2592309,"2.29EUR"
3080597,"109.99EUR"
3464635,"2.29EUR"
9853197,"2.29EUR"
5821621,"21.99EUR"
9488574,"54.99EUR"
2901718,"2.29EUR"
1259932,"54.99EUR"
8574354,"2.29EUR"
5611185,"21.99EUR"
173708,"10.99EUR"
4604331,"54.99EUR"
7204951,"2.29EUR"
269182,"10.99EUR"
4064925,"2.29EUR"
185368,"2.29EUR"
550581,"2.29EUR"
1397658,"2.29EUR"
5210677,"2.29EUR"
1117143,"10.99EUR"
1749700,"2.29EUR"
6066273,"2.29EUR"
6773715,"2.29EUR"
9900264,"2.29EUR"
9037570,"2.29EUR"
9651282,"10.99EUR"
6108729,"10.99EUR"
7089635,"2.29EUR"
8348013,"109.99EUR"
4897111,"10.99EUR"
3690150,"2.29EUR"
3607444,"10.99EUR"
4495065,"2.29EUR"
2196413,"2.29EUR"
8431493,"21.99EUR"
6003376,"10.99EUR"
9651282,"21.99EUR"
6066273,"10.99EUR"
9558688,"10.99EUR"
1744280,"2.29EUR"
2592309,"2.29EUR"
7740125,"2.29EUR"
277023,"10.99EUR"
7929886,"54.99EUR"
4200856,"10.99EUR"
2105277,"2.29EUR"
8305517,"54.99EUR"
966055,"2.29EUR"
6066273,"2.29EUR"
976971,"10.99EUR"
6630557,"10.99EUR"
2592309,"2.29EUR"
869618,"21.99EUR"
6836301,"2.29EUR"
3082623,"21.99EUR"
5821621,"10.99EUR"
374188,"2.29EUR"
6330134,"2.29EUR"
8007106,"2.29EUR"
4271040,"21.99EUR"
3057290,"2.29EUR"
228723,"21.99EUR"
5860904,"2.29EUR"
1625192,"109.99EUR"
8292894,"2.29EUR"
1397658,"10.99EUR"
8142861,"21.99EUR"
1425691,"54.99EUR"
3613577,"10.99EUR"
1012049,"21.99EUR"
5031056,"2.29EUR"
9038656,"21.99EUR"
9272438,"10.99EUR"
4897111,"21.99EUR"
3395190,"10.99EUR"
3593062,"109.99EUR"
8198556,"2.29EUR"
6349525,"2.29EUR"
8429621,"21.99EUR"
6518879,"2.29EUR"
4319476,"10.99EUR"
417699,"21.99EUR"
6066273,"109.99EUR"
1459061,"2.29EUR"
1381459,"2.29EUR"
8941554,"21.99EUR"
1615404,"2.29EUR"
452833,"21.99EUR"
2817782,"2.29EUR"
7089635,"21.99EUR"
9363622,"2.29EUR"
6342774,"21.99EUR"
2749949,"54.99EUR"
8656930,"54.99EUR"
5756118,"10.99EUR"
7473331,"2.29EUR"
3613577,"21.99EUR"
869618,"10.99EUR"
2441819,"109.99EUR"
8645904,"10.99EUR"
1606123,"54.99EUR"
517243,"21.99EUR"
8375345,"2.29EUR"
6361382,"10.99EUR"
1557018,"21.99EUR"
707895,"2.29EUR"
6066273,"2.29EUR"
7806038,"21.99EUR"
9221429,"21.99EUR"
2749949,"10.99EUR"
4876550,"2.29EUR"
7601127,"2.29EUR"
8555727,"2.29EUR"
173708,"2.29EUR"
6534794,"2.29EUR"
369076,"10.99EUR"
2239977,"10.99EUR"
7099407,"10.99EUR"
8414204,"10.99EUR"
5052529,"10.99EUR"
9045815,"2.29EUR"
6963061,"2.29EUR"
2976635,"2.29EUR"
8429621,"21.99EUR"
268946,"10.99EUR"
4520146,"10.99EUR"
3607444,"2.29EUR"
6108729,"2.29EUR"
7473331,"2.29EUR"
6330134,"2.29EUR"
4124082,"10.99EUR"
4368721,"2.29EUR"
4897111,"2.29EUR"
6445892,"10.99EUR"
495051,"2.29EUR"
3229826,"2.29EUR"
1127729,"10.99EUR"
4785405,"54.99EUR"
3459407,"2.29EUR"
5268963,"2.29EUR"
27849,"21.99EUR"
2735507,"21.99EUR"
2845023,"54.99EUR"
8429621,"109.99EUR"
869618,"10.99EUR"
5583035,"10.99EUR"
3997030,"2.29EUR"
69392,"10.99EUR"
844618,"21.99EUR"
2315481,"21.99EUR"
1495670,"10.99EUR"
6066273,"2.29EUR"
1904622,"10.99EUR"
3082623,"2.29EUR"
6365046,"10.99EUR"
6667511,"2.29EUR"
4269984,"21.99EUR"
5611185,"54.99EUR"
3501221,"2.29EUR"
7064575,"10.99EUR"
7877722,"2.29EUR"
8972655,"21.99EUR"
4559854,"10.99EUR"
4568083,"2.29EUR"
643015,"2.29EUR"
6454347,"21.99EUR"
6258571,"2.29EUR"
2196413,"10.99EUR"
2774926,"2.29EUR"
4897111,"10.99EUR"
1232741,"21.99EUR"
9801043,"2.29EUR"
6066273,"2.29EUR"
9900264,"2.29EUR"
4993000,"10.99EUR"
4520146,"10.99EUR"
269182,"2.29EUR"
7877722,"10.99EUR"
6773715,"21.99EUR"
8348013,"10.99EUR"
1581907,"10.99EUR"
9483659,"54.99EUR"
8042514,"10.99EUR"
9446313,"21.99EUR"
1117143,"2.29EUR"
8429621,"10.99EUR"
6230120,"2.29EUR"
8790100,"54.99EUR"
8879130,"54.99EUR"
8429621,"10.99EUR"
5316594,"2.29EUR"
4271040,"21.99EUR"
6667511,"54.99EUR"
2332395,"21.99EUR"
8429621,"21.99EUR"
8304977,"2.29EUR"
5857444,"10.99EUR"
4625054,"2.29EUR"
2356078,"2.29EUR"
3536465,"2.29EUR"
5788477,"2.29EUR"
3057290,"10.99EUR"
3501221,"10.99EUR"
5846084,"2.29EUR"
1071128,"2.29EUR"
2218497,"2.29EUR"
4557454,"109.99EUR"
8902009,"2.29EUR"
1259932,"109.99EUR"
6667511,"21.99EUR"
7806038,"2.29EUR"
3997030,"10.99EUR"
9888855,"2.29EUR"
8057235,"21.99EUR"
4729530,"21.99EUR"
3229296,"10.99EUR"
7699053,"2.29EUR"
4170634,"54.99EUR"
7194902,"2.29EUR"
6454347,"10.99EUR"
3456367,"2.29EUR"
2098970,"2.29EUR"
2356078,"2.29EUR"
369076,"2.29EUR"
9816646,"54.99EUR"
159871,"54.99EUR"
4271040,"2.29EUR"
8219192,"2.29EUR"
633072,"21.99EUR"
268946,"10.99EUR"
8250528,"10.99EUR"
2985241,"10.99EUR"
9793515,"10.99EUR"
7473331,"2.29EUR"
7213430,"2.29EUR"
3581616,"21.99EUR"
6135680,"2.29EUR"
8440602,"10.99EUR"
5179892,"10.99EUR"
3747333,"2.29EUR"
7749011,"10.99EUR"
9655131,"10.99EUR"
4897111,"10.99EUR"
7430333,"2.29EUR"
6991515,"2.29EUR"
4557454,"10.99EUR"
3023236,"2.29EUR"
7149518,"54.99EUR"
2959161,"2.29EUR"
268946,"10.99EUR"
67190,"21.99EUR"
5000143,"2.29EUR"
2735507,"2.29EUR"
45698,"10.99EUR"
4568083,"10.99EUR"
8241906,"54.99EUR"
9272438,"10.99EUR"
643015,"2.29EUR"
1778625,"2.29EUR"
3607444,"109.99EUR"
3325029,"2.29EUR"
9322313,"10.99EUR"
5591965,"21.99EUR"
3342019,"2.29EUR"
7745626,"2.29EUR"
9201521,"21.99EUR"
1781985,"10.99EUR"
3536465,"2.29EUR"
6991515,"54.99EUR"
6066273,"10.99EUR"
9655131,"10.99EUR"
8868912,"2.29EUR"
7099407,"21.99EUR"
4244100,"21.99EUR"
6066273,"2.29EUR"
6230120,"2.29EUR"
2150877,"10.99EUR"
9981465,"10.99EUR"
4039844,"10.99EUR"
9690596,"2.29EUR"
4081823,"10.99EUR"
4625054,"54.99EUR"
3729361,"54.99EUR"
691288,"2.29EUR"
45698,"21.99EUR"
3023236,"2.29EUR"
7606642,"2.29EUR"
3536465,"21.99EUR"
9778364,"2.29EUR"
1011310,"2.29EUR"
8042514,"21.99EUR"
8440602,"2.29EUR"
1744280,"10.99EUR"
4162683,"2.29EUR"
303959,"10.99EUR"
4154785,"2.29EUR"
7663436,"10.99EUR"
6313965,"2.29EUR"
3607444,"2.29EUR"
4561130,"2.29EUR"
6667511,"10.99EUR"
1071128,"2.29EUR"
4064925,"10.99EUR"
2445621,"10.99EUR"
2315481,"2.29EUR"
7261919,"2.29EUR"
2994433,"10.99EUR"
6349525,"2.29EUR"
1050309,"2.29EUR"
550581,"2.29EUR"
4334785,"54.99EUR"
7810642,"2.29EUR"
5493635,"2.29EUR"
1781985,"21.99EUR"
5547744,"21.99EUR"
3026299,"10.99EUR"
6313965,"2.29EUR"
5226626,"2.29EUR"
7476311,"2.29EUR"
633072,"21.99EUR"
8038667,"2.29EUR"
4064925,"2.29EUR"
4561130,"10.99EUR"
1625516,"2.29EUR"
1381459,"2.29EUR"
417699,"54.99EUR"
2496368,"2.29EUR"
8481731,"2.29EUR"
6454347,"10.99EUR"
2356078,"10.99EUR"
1495670,"10.99EUR"
550581,"10.99EUR"
7194902,"21.99EUR"
8524603,"2.29EUR"
6066273,"21.99EUR"
4200856,"21.99EUR"
6230120,"2.29EUR"
8132368,"2.29EUR"
9272438,"2.29EUR"
1904622,"21.99EUR"
3857388,"2.29EUR"
9665892,"2.29EUR"
5317744,"54.99EUR"
3080597,"54.99EUR"
8429621,"10.99EUR"
5547744,"10.99EUR"
495051,"2.29EUR"
6583789,"2.29EUR"
3956556,"21.99EUR"
5024440,"10.99EUR"
173708,"10.99EUR"
6914030,"2.29EUR"
984436,"2.29EUR"
1557018,"10.99EUR"
4993000,"54.99EUR"
1232741,"2.29EUR"
9940744,"2.29EUR"
5228882,"2.29EUR"
7261919,"21.99EUR"
7584341,"10.99EUR"
6349525,"10.99EUR"
4557454,"10.99EUR"
7961844,"2.29EUR"
9665892,"10.99EUR"
7740125,"2.29EUR"
4806511,"2.29EUR"
9790706,"21.99EUR"
6667511,"10.99EUR"
2897068,"2.29EUR"
7403616,"2.29EUR"
3023236,"10.99EUR"
1625192,"21.99EUR"
3237174,"10.99EUR"
7877722,"10.99EUR"
1133249,"2.29EUR"
33639,"2.29EUR"
3639991,"10.99EUR"
9793515,"21.99EUR"
8951242,"2.29EUR"
2817782,"2.29EUR"
3342019,"10.99EUR"
9525685,"10.99EUR"
8429621,"2.29EUR"
6313965,"21.99EUR"
4319476,"2.29EUR"
6843474,"10.99EUR"
6066273,"21.99EUR"
4860875,"21.99EUR"
3225609,"2.29EUR"
6071846,"2.29EUR"
5591965,"2.29EUR"
2445621,"21.99EUR"
4344924,"2.29EUR"
1363026,"54.99EUR"
864953,"2.29EUR"
9900264,"2.29EUR"
4561130,"2.29EUR"
9544965,"2.29EUR"
1363026,"10.99EUR"
1071128,"2.29EUR"
5857444,"2.29EUR"
8429621,"10.99EUR"
9655131,"2.29EUR"
3997030,"10.99EUR"
4897111,"10.99EUR"
5857444,"21.99EUR"
679368,"2.29EUR"
7230585,"2.29EUR"
1026794,"21.99EUR"
8305517,"21.99EUR"
7261919,"2.29EUR"
9690596,"54.99EUR"
1425691,"2.29EUR"
4196315,"2.29EUR"
966055,"54.99EUR"
1504897,"2.29EUR"
9342670,"21.99EUR"
1461749,"21.99EUR"
4897111,"21.99EUR"
9730504,"2.29EUR"
317884,"21.99EUR"
3936020,"10.99EUR"
5549403,"2.29EUR"
5232212,"2.29EUR"
2560575,"2.29EUR"
5583035,"2.29EUR"
3054530,"2.29EUR"
7213430,"2.29EUR"
8555727,"54.99EUR"
9690596,"2.29EUR"
4344924,"21.99EUR"
9272438,"2.29EUR"
7476311,"10.99EUR"
7215259,"109.99EUR"
6975227,"21.99EUR"
2554373,"2.29EUR"
5600645,"2.29EUR"
2897068,"2.29EUR"
6342774,"21.99EUR"
2801559,"21.99EUR"
380690,"10.99EUR"
2259220,"10.99EUR"
452833,"2.29EUR"
8804668,"21.99EUR"
1071128,"2.29EUR"
856690,"2.29EUR"
6914030,"2.29EUR"
6445892,"21.99EUR"
9491585,"2.29EUR"
6327414,"2.29EUR"
8524603,"109.99EUR"
3607444,"54.99EUR"
8375877,"10.99EUR"
832680,"2.29EUR"
4194841,"21.99EUR"
1139929,"2.29EUR"
3997030,"2.29EUR"
2123028,"21.99EUR"
45698,"2.29EUR"
691288,"10.99EUR"
9514126,"10.99EUR"
8292894,"2.29EUR"
563277,"21.99EUR"
3857388,"10.99EUR"
7149518,"2.29EUR"
8879130,"10.99EUR"
5547744,"2.29EUR"
9751275,"109.99EUR"
1381459,"2.29EUR"
7431637,"10.99EUR"
4598972,"10.99EUR"
2560575,"10.99EUR"
5241554,"21.99EUR"
8038667,"2.29EUR"
8440483,"10.99EUR"
7230585,"21.99EUR"
9660798,"21.99EUR"
9272438,"10.99EUR"
5316594,"21.99EUR"
3332752,"2.29EUR"
8429621,"54.99EUR"
9037628,"2.29EUR"
6359120,"2.29EUR"
303959,"109.99EUR"
3536465,"21.99EUR"
6991515,"21.99EUR"
6947110,"2.29EUR"
1232741,"10.99EUR"
2735507,"10.99EUR"
6126555,"2.29EUR"
8804668,"2.29EUR"
6757339,"2.29EUR"
1857845,"2.29EUR"
2382641,"21.99EUR"
8555727,"2.29EUR"
3225609,"2.29EUR"
2315481,"2.29EUR"
1381459,"2.29EUR"
3464635,"109.99EUR"
27849,"2.29EUR"
4897111,"10.99EUR"
3082623,"2.29EUR"
7489164,"10.99EUR"
1056410,"2.29EUR"
3464635,"10.99EUR"
3112789,"2.29EUR"
7473331,"21.99EUR"
1381459,"2.29EUR"
8440602,"21.99EUR"
7432538,"109.99EUR"
3082623,"10.99EUR"
6066273,"10.99EUR"
4914259,"21.99EUR"
8196805,"2.29EUR"
8241906,"21.99EUR"
3905139,"2.29EUR"
5860904,"10.99EUR"
7427454,"2.29EUR"
1912380,"2.29EUR"
1071128,"21.99EUR"
7699053,"2.29EUR"
7476311,"2.29EUR"
3997030,"2.29EUR"
7740125,"2.29EUR"
2735507,"2.29EUR"
856690,"10.99EUR"
9900264,"2.29EUR"
8004071,"10.99EUR"
423265,"10.99EUR"
3080597,"2.29EUR"
7806038,"21.99EUR"
5890770,"10.99EUR"
6630557,"2.29EUR"
856690,"2.29EUR"
8528948,"2.29EUR"
1781985,"2.29EUR"
8292894,"10.99EUR"
7699053,"2.29EUR"
7474767,"21.99EUR"
8348013,"10.99EUR"
8555727,"10.99EUR"
3771481,"2.29EUR"
4039844,"2.29EUR"
6508251,"109.99EUR"
7064575,"21.99EUR"
1141788,"10.99EUR"
5316594,"10.99EUR"
1921188,"54.99EUR"
9665892,"21.99EUR"
3905139,"10.99EUR"
8359563,"2.29EUR"
7310054,"2.29EUR"
222583,"10.99EUR"
644908,"2.29EUR"
9491204,"21.99EUR"
3956556,"21.99EUR"
1806232,"21.99EUR"
1086634,"10.99EUR"
236837,"2.29EUR"
2382641,"2.29EUR"
6583789,"2.29EUR"
720198,"21.99EUR"
6052332,"2.29EUR"
3206340,"2.29EUR"
1425691,"2.29EUR"
2750174,"10.99EUR"
6623944,"21.99EUR"
6914030,"10.99EUR"
4598972,"2.29EUR"
3639991,"2.29EUR"
1363026,"2.29EUR"
8429621,"10.99EUR"
189970,"2.29EUR"
7473331,"54.99EUR"
7877722,"21.99EUR"
6066273,"21.99EUR"
2356078,"2.29EUR"
3275319,"21.99EUR"
2746054,"2.29EUR"
741857,"2.29EUR"
1557018,"10.99EUR"
4436950,"2.29EUR"
8502069,"21.99EUR"
3407964,"2.29EUR"
4474571,"10.99EUR"
1381459,"2.29EUR"
856690,"54.99EUR"
452833,"2.29EUR"
5382976,"54.99EUR"
7810642,"2.29EUR"
4417520,"21.99EUR"
3425367,"2.29EUR"
45698,"21.99EUR"
1381459,"2.29EUR"
8682610,"10.99EUR"
7788255,"10.99EUR"
1294723,"2.29EUR"
231622,"2.29EUR"
3646010,"2.29EUR"
7699053,"2.29EUR"
5504032,"10.99EUR"
495051,"2.29EUR"
3997030,"21.99EUR"
5293143,"2.29EUR"
8276338,"21.99EUR"
1071128,"2.29EUR"
4604331,"10.99EUR"
661090,"2.29EUR"
5189627,"2.29EUR"
7663436,"2.29EUR"
1557018,"21.99EUR"
5226626,"2.29EUR"
9853197,"10.99EUR"
5903111,"2.29EUR"
2817782,"10.99EUR"
2105277,"10.99EUR"
5821621,"21.99EUR"
1259932,"10.99EUR"
7877722,"2.29EUR"
45698,"2.29EUR"
3332752,"10.99EUR"
9665892,"2.29EUR"
2735507,"10.99EUR"
8007106,"10.99EUR"
5316594,"10.99EUR"
495051,"21.99EUR"
5810672,"21.99EUR"
3613577,"10.99EUR"
8196805,"2.29EUR"
9690596,"54.99EUR"
1781985,"10.99EUR"
3185587,"2.29EUR"
8057235,"10.99EUR"
4897111,"2.29EUR"
7134962,"2.29EUR"
9098217,"10.99EUR"
1577388,"10.99EUR"
5316594,"2.29EUR"
8305517,"2.29EUR"
8937703,"54.99EUR"
6534794,"2.29EUR"
9910963,"10.99EUR"
1989293,"2.29EUR"
1071128,"2.29EUR"
5387402,"2.29EUR"
643015,"2.29EUR"
2259220,"2.29EUR"
3711697,"10.99EUR"
8109427,"2.29EUR"
5611185,"2.29EUR"
1528451,"10.99EUR"
4340288,"2.29EUR"
8007106,"10.99EUR"
7663436,"2.29EUR"
386608,"2.29EUR"
6667511,"2.29EUR"
976971,"21.99EUR"
1177780,"2.29EUR"
5983898,"2.29EUR"
7892216,"10.99EUR"
6605253,"10.99EUR"
8429621,"10.99EUR"
864953,"2.29EUR"
3891333,"21.99EUR"
2959161,"21.99EUR"
6230120,"10.99EUR"
1232741,"2.29EUR"
3112789,"54.99EUR"
4202758,"109.99EUR"
6258280,"10.99EUR"
8595317,"21.99EUR"
1045169,"21.99EUR"
1557018,"21.99EUR"
5387402,"10.99EUR"
268946,"10.99EUR"
2746054,"10.99EUR"
8348013,"21.99EUR"
7194902,"2.29EUR"
829861,"21.99EUR"
5997935,"10.99EUR"
7929886,"2.29EUR"
4717824,"10.99EUR"
9509128,"2.29EUR"
3613577,"10.99EUR"
1190720,"10.99EUR"
1381459,"10.99EUR"
7489164,"2.29EUR"
2817782,"10.99EUR"
3486585,"10.99EUR"
6313965,"10.99EUR"
3023236,"2.29EUR"
1190720,"2.29EUR"
4089079,"2.29EUR"
8348013,"10.99EUR"
6071846,"2.29EUR"
3996660,"2.29EUR"
2817782,"2.29EUR"
4124082,"109.99EUR"
9255701,"2.29EUR"
2817782,"2.29EUR"
1528451,"10.99EUR"
856690,"2.29EUR"
1029645,"10.99EUR"
3225609,"2.29EUR"
3501221,"10.99EUR"
3536465,"2.29EUR"
7431637,"10.99EUR"
380690,"10.99EUR"
4269984,"10.99EUR"
5210677,"21.99EUR"
6784796,"21.99EUR"
1056410,"2.29EUR"
7194902,"2.29EUR"
3690150,"2.29EUR"
8848457,"2.29EUR"
1744280,"10.99EUR"
384453,"10.99EUR"
6258280,"2.29EUR"
3325029,"2.29EUR"
9037628,"21.99EUR"
3639991,"2.29EUR"
4993000,"2.29EUR"
4170634,"2.29EUR"
3837980,"21.99EUR"
9038656,"21.99EUR"
7489164,"2.29EUR"
691288,"2.29EUR"
3747333,"2.29EUR"
909339,"2.29EUR"
8440483,"2.29EUR"
2845023,"21.99EUR"
8126995,"21.99EUR"
6342774,"10.99EUR"
3771481,"10.99EUR"
8224200,"2.29EUR"
8304977,"21.99EUR"
9514126,"2.29EUR"
1232741,"21.99EUR"
3771481,"2.29EUR"
1531587,"2.29EUR"
8038667,"10.99EUR"
3997030,"21.99EUR"
2356078,"54.99EUR"
613782,"2.29EUR"
7489164,"10.99EUR"
7194902,"2.29EUR"
5850236,"10.99EUR"
1557018,"54.99EUR"
641545,"2.29EUR"
4604331,"21.99EUR"
9037570,"10.99EUR"
9875181,"10.99EUR"
3237174,"2.29EUR"
1559632,"2.29EUR"
4344924,"2.29EUR"
1232741,"2.29EUR"
6342774,"2.29EUR"
4436950,"10.99EUR"
6534794,"109.99EUR"
3023236,"21.99EUR"
9888855,"10.99EUR"
3593062,"2.29EUR"
5611185,"21.99EUR"
7877722,"2.29EUR"
3225609,"10.99EUR"
6454347,"21.99EUR"
3237174,"109.99EUR"
1397658,"2.29EUR"
4474571,"54.99EUR"
6570905,"2.29EUR"
7740125,"21.99EUR"
3185587,"2.29EUR"
2585437,"2.29EUR"
2749949,"21.99EUR"
691288,"2.29EUR"
8429579,"21.99EUR"
968420,"10.99EUR"
6066273,"21.99EUR"
8411124,"21.99EUR"
3206340,"2.29EUR"
2364021,"2.29EUR"
7204951,"10.99EUR"
1397658,"2.29EUR"
189098,"10.99EUR"
869618,"2.29EUR"
550581,"10.99EUR"
1381459,"10.99EUR"
6678001,"10.99EUR"
1232741,"21.99EUR"
2356078,"10.99EUR"
2735507,"21.99EUR"
8641084,"2.29EUR"
1133249,"10.99EUR"
9635755,"10.99EUR"
3082623,"10.99EUR"
3612433,"2.29EUR"
2560575,"109.99EUR"
856690,"10.99EUR"
7473331,"2.29EUR"
8241906,"21.99EUR"
8796809,"2.29EUR"
7489164,"2.29EUR"
8121195,"10.99EUR"
2105277,"2.29EUR"
2288156,"21.99EUR"
4271040,"10.99EUR"
3593062,"21.99EUR"
3407964,"21.99EUR"
691288,"2.29EUR"
3297622,"2.29EUR"
6667511,"2.29EUR"
3837980,"2.29EUR"
3407964,"2.29EUR"
8429621,"2.29EUR"
8348013,"21.99EUR"
6066273,"21.99EUR"
1587019,"2.29EUR"
1020221,"2.29EUR"
1381459,"2.29EUR"
6855216,"2.29EUR"
7699053,"2.29EUR"
6784796,"2.29EUR"
7459825,"10.99EUR"
450934,"2.29EUR"
9483659,"21.99EUR"
5846084,"2.29EUR"
4319476,"2.29EUR"
8414204,"54.99EUR"
159871,"2.29EUR"
2746054,"2.29EUR"
2279849,"2.29EUR"
45698,"2.29EUR"
8502069,"10.99EUR"
5316594,"2.29EUR"
7204951,"10.99EUR"
2950684,"2.29EUR"
2946210,"21.99EUR"
5316594,"54.99EUR"
691288,"2.29EUR"
3593062,"10.99EUR"
2749949,"21.99EUR"
